gene	inheritance
A2M	AD
A2ML1	AD
AAAS	AR
AAGAB	AD
AARS1	AD/AR
AARS2	AR
AASS	AR
ABAT	AR
ABCA1	AD/AR
ABCA12	AR
ABCA2	AR
ABCA3	AR
ABCA4	AD/AR
ABCA5	AR
ABCB1	AD/AR
ABCB11	AR
ABCB4	AD/AR
ABCB6	AD
ABCB7	XL
ABCC1	AD
ABCC11	AD
ABCC2	AD/AR
ABCC6	AD/AR
ABCC8	AD/AR
ABCC9	AD/AR
ABCD1	XL
ABCD3	AR
ABCD4	AR
ABCG5	AR
ABCG8	AR
ABHD12	AR
ABHD16A	AR
ABHD5	AR
ABL1	AD
ACACA	AR
ACAD8	AR
ACAD9	AR
ACADM	AR
ACADS	AR
ACADSB	AR
ACADVL	AR
ACAN	AD
ACAT1	AR
ACBD5	AR
ACBD6	AR
ACD	AD/AR
ACE	AR
ACER3	AR
ACKR3	AR
ACO2	AR
ACOX1	AD
ACOX2	AR
ACP4	AR
ACP5	AR
ACR	AR
ACSF3	AR
ACSL4	XL
ACTA1	AD/AR
ACTA2	AD
ACTB	AD
ACTC1	AD
ACTG1	AD
ACTG2	AD
ACTL6B	AD/AR
ACTL7A	AR
ACTL9	AR
ACTN1	AD
ACTN2	AD
ACTN3	AR
ACTN4	AD
ACVR1	AD
ACVR2B	AD
ACVRL1	AD
ACY1	AR
ADA	AR
ADA2	AR
ADAM10	AD
ADAM17	AR
ADAM22	AR
ADAM9	AR
ADAMTS10	AR
ADAMTS13	AR
ADAMTS15	AR
ADAMTS17	AR
ADAMTS18	AR
ADAMTS19	AR
ADAMTS2	AR
ADAMTS3	AR
ADAMTSL2	AR
ADAMTSL4	AR
ADAR	AD/AR
ADARB1	AR
ADAT3	AR
ADCY1	AR
ADCY10	AD
ADCY3	AR
ADCY5	AD/AR
ADCY6	AR
ADD3	AR
ADGRE2	AD
ADGRG1	AR
ADGRG2	XL
ADGRG6	AR
ADGRL1	AD
ADGRV1	AR
ADIPOQ	AD
ADK	AD
ADNP	AD
ADPRS	AR
ADRA2A	AD
ADRA2B	AD
ADRA2C	AD
ADRB1	AD
ADRB2	AD
ADSL	AR
ADSS1	AR
AEBP1	AR
AFF2	XL
AFF3	AD
AFF4	AD
AFG3L2	AD/AR
AFP	AD/AR
AGA	AR
AGBL1	AD
AGBL5	AR
AGK	AR
AGL	AR
AGMX2	XL
AGO1	AD
AGO2	AD
AGPAT2	AR
AGPS	AR
AGRN	AR
AGRP	AR
AGT	AR
AGTPBP1	AR
AGTR1	AR
AGTR2	XL
AGXT	AR
AGXT2	AR
AHCY	AR
AHDC1	AD
AHI1	AR
AHR	AR
AHSG	AR
AICDA	AR
AIFM1	XL
AIMP1	AR
AIMP2	AR
AIP	AD
AIPL1	AD/AR
AIRE	AD/AR
AK1	AR
AK2	AR
AK7	AR
AK9	AR
AKAP3	AR
AKAP9	AD
AKR1C2	AR
AKR1D1	AR
AKT1	AD
AKT2	AD
AKT3	AD
ALAD	AR
ALAS2	XL
ALB	AD/AR
ALDH18A1	AD/AR
ALDH1A2	AR
ALDH1A3	AR
ALDH3A2	AR
ALDH4A1	AR
ALDH5A1	AR
ALDH6A1	AR
ALDH7A1	AR
ALDOA	AR
ALDOB	AR
ALG1	AR
ALG11	AR
ALG12	AR
ALG13	XL
ALG14	AR
ALG2	AR
ALG3	AR
ALG5	AD
ALG6	AR
ALG8	AR
ALG9	AR
ALK	AD
ALKBH8	AR
ALMS1	AR
ALOX12B	AR
ALOX5	AD
ALOXE3	AR
ALPK1	AD
ALPK3	AD/AR
ALPL	AD/AR
ALS2	AR
ALS2CL	AD
ALX1	AR
ALX3	AR
ALX4	AD/AR
AMACR	AR
AMBN	AR
AMCN	AR
AMELX	XL
AMER1	XL
AMFR	AR
AMH	AR
AMHR2	AR
AMMECR1	XL
AMN	AR
AMPD1	AR
AMPD2	AR
AMPD3	AD/AR
AMT	AR
AMTN	AD
ANAPC1	AR
ANAPC7	AR
ANG	AD
ANGPT1	AD
ANGPT2	AD
ANGPTL3	AR
ANK1	AD/AR
ANK2	AD
ANK3	AR
ANKH	AD
ANKLE2	AR
ANKRD11	AD
ANKRD17	AD
ANKRD26	AD
ANKS6	AR
ANLN	AD
ANO1	AD/AR
ANO10	AR
ANO3	AD
ANO5	AD
ANO6	AR
ANOS1	XL
ANTXR1	AD/AR
ANTXR2	AR
ANXA11	AD
AOPEP	AR
AP1B1	AR
AP1G1	AD/AR
AP1S1	AR
AP1S2	XL
AP1S3	AD
AP2M1	AD
AP2S1	AD
AP3B1	AR
AP3B2	AR
AP3D1	AR
AP4B1	AR
AP4E1	AD/AR
AP4M1	AR
AP4S1	AR
AP5Z1	AR
APC	AD
APC2	AR
APCDD1	AD
APOA1	AD/AR
APOA2	AR
APOA5	AD/AR
APOB	AD/AR
APOC2	AR
APOC3	AD
APOE	AD/AR
APOLD1	AD
APP	AD
APPL1	AD
APRT	AR
APTX	AR
AQP2	AD/AR
AQP4	AR
AQP5	AD
AR	XL
ARCN1	AD
ARF1	AD
ARFGEF1	AD
ARFGEF2	AR
ARG1	AR
ARHGAP31	AD
ARHGAP36	XL
ARHGDIA	AR
ARHGEF1	AR
ARHGEF10	AD
ARHGEF18	AR
ARHGEF2	AR
ARHGEF6	XL
ARHGEF9	XL
ARID1A	AD
ARID1B	AD
ARID2	AD
ARL13B	AR
ARL2	AD
ARL2BP	AR
ARL3	AR
ARL6	AR
ARL6IP1	AR
ARMC12	AR
ARMC2	AR
ARMC5	AD
ARMC9	AR
ARNT2	AR
ARPC1B	AR
ARPC4	AD
ARPC5	AR
ARR3	XL
ARSA	AR
ARSB	AR
ARSG	AR
ARSK	AR
ARSL	XL
ARV1	AR
ARX	XL
ASAH1	AR
ASB10	AD
ASCC1	AD
ASCC3	AR
ASCL1	AD
ASH1L	AD
ASIP	AD
ASL	AR
ASNS	AR
ASPA	AR
ASPH	AR
ASPM	AR
ASPRV1	AD
ASS1	AR
ASTL	AR
ASXL1	AD
ASXL2	AD
ASXL3	AD
ATAD1	AR
ATAD3A	AD/AR
ATCAY	AR
ATF6	AR
ATG7	AR
ATIC	AR
ATL1	AD
ATL3	AD
ATM	AD/AR
ATN1	AD
ATOH1	AD
ATOH7	AR
ATP11A	AD
ATP11C	XL
ATP13A2	AR
ATP13A3	AR
ATP1A1	AD
ATP1A2	AD
ATP1A3	AD
ATP2A1	AR
ATP2A2	AD
ATP2B1	AD
ATP2B2	AD
ATP2B3	XL
ATP2C1	AD
ATP5F1A	AD/AR
ATP5F1B	AD
ATP5F1E	AR
ATP5MC3	AD
ATP5MK	AR
ATP5PO	AR
ATP6AP1	XL
ATP6AP2	XL
ATP6V0A1	AD/AR
ATP6V0A2	AR
ATP6V0A4	AR
ATP6V0C	AD
ATP6V1A	AR
ATP6V1B1	AR
ATP6V1B2	AD
ATP6V1E1	AR
ATP7A	XL
ATP7B	AR
ATP8A2	AR
ATP8B1	AD/AR
ATP9A	AR
ATPAF2	AR
ATR	AD/AR
ATRX	XL
ATXN1	AD
ATXN10	AD
ATXN2	AD
ATXN3	AD
ATXN7	AD
ATXN8	AD
ATXN8OS	AD
AUH	AR
AURKC	AR
AUTS2	AD
AVIL	AR
AVP	AD/AR
AVPR2	XL
AXIN1	AR
AXIN2	AD
B2M	AD/AR
B3GALNT2	AR
B3GALT6	AR
B3GAT3	AR
B3GLCT	AR
B4GALNT1	AR
B4GALT1	AR
B4GALT7	AR
B4GAT1	AR
B9D1	AR
B9D2	AR
BAAT	AR
BACH2	AD
BAG3	AD
BAG5	AR
BANF1	AR
BAP1	AD
BARD1	AD
BBIP1	AR
BBS1	AR
BBS10	AR
BBS12	AR
BBS2	AR
BBS4	AR
BBS5	AR
BBS7	AR
BBS9	AR
BCAP31	XL
BCAS3	AR
BCAT2	AR
BCHE	AR
BCKDHA	AR
BCKDHB	AR
BCKDK	AR
BCL10	AR
BCL11A	AD
BCL11B	AD
BCO1	AD
BCOR	XL
BCORL1	XL
BCR	AD
BCS1L	AR
BDNF	AD
BDP1	AR
BEAN1	AD
BEST1	AD
BET1	AR
BFSP1	AR
BFSP2	AD/AR
BGN	XL
BHLHA9	AR
BHLHE41	AD
BICC1	AD
BICD2	AD
BIN1	AR
BLK	AD
BLM	AR
BLNK	AR
BLOC1S3	AR
BLOC1S5	AR
BLOC1S6	AR
BLVRA	AD/AR
BMP1	AR
BMP15	XL
BMP2	AD
BMP4	AD
BMP6	AD/AR
BMPER	AR
BMPR1A	AD
BMPR1B	AD/AR
BMPR2	AD
BMS1	AD
BNC1	AD
BNC2	AD
BOLA3	AR
BORCS8	AR
BPGM	AD/AR
BPNT2	AR
BPTF	AD
BRAF	AD
BRAT1	AR
BRCA1	AD/AR
BRCA2	AD/AR
BRD4	AD
BRDT	AR
BRF1	AR
BRIP1	AD/AR
BRPF1	AD
BRWD1	AR
BRWD3	XL
BSCL2	AR
BSND	AR
BTD	AR
BTG4	AR
BTK	XL
BUB1	AR
BUB1B	AD/AR
BVES	AR
C11ORF80	AR
C12ORF4	AR
C12ORF57	AR
C12ORF65	AR
C14ORF39	AR
C18ORF32	AR
C19ORF12	AD/AR
C1GALT1C1	XL
C1QA	AR
C1QB	AR
C1QBP	AR
C1QC	AR
C1QTNF5	AD
C1R	AD
C1S	AD/AR
C2	AR
C2CD3	AR
C2CD6	AR
C2ORF69	AR
C3	AD/AR
C3ORF52	AR
C4B	AR
C5	AD/AR
C6	AR
C7	AR
C8A	AR
C8B	AR
C8ORF37	AR
C9	AR
C9ORF72	AD
C9orf72	AD
CA12	AR
CA2	AR
CA4	AD
CA5A	AR
CA8	AR
CABP2	AR
CABP4	AR
CACNA1A	AD
CACNA1B	AD
CACNA1C	AD
CACNA1D	AD/AR
CACNA1E	AD
CACNA1F	XL
CACNA1G	AD
CACNA1H	AD
CACNA1I	AD
CACNA1S	AD
CACNA2D2	AR
CACNA2D4	AR
CACNB2	AD
CACNB4	AD
CACNG2	AD
CAD	AR
CADM3	AD
CALCRL	AR
CALM1	AD
CALM2	AD
CALM3	AD
CALR3	AD
CAMK2A	AD/AR
CAMK2B	AD
CAMK2G	AR
CAMLG	AR
CAMSAP1	AR
CAMTA1	AD
CANT1	AR
CAP2	AR
CAPN1	AR
CAPN15	AR
CAPN3	AD/AR
CAPN5	AD
CAPNS1	AR
CAPRIN1	AD
CARD10	AR
CARD11	AD/AR
CARD14	AD
CARD8	AD
CARD9	AR
CARMIL2	AR
CARS1	AR
CARS2	AR
CASK	XL
CASP10	AD
CASP14	AR
CASP2	AR
CASP8	AR
CASQ1	AD
CASQ2	AR
CASR	AD/AR
CAST	AR
CAT	AR
CATIP	AR
CATSPER1	AR
CAV1	AD/AR
CAV3	AD
CAVIN1	AR
CBFB	AD
CBL	AD
CBLB	AR
CBLIF	AR
CBS	AR
CBX2	AR
CC2D1A	AR
CC2D2A	AR
CCBE1	AR
CCDC103	AR
CCDC115	AR
CCDC134	AR
CCDC137	AD
CCDC146	AR
CCDC174	AR
CCDC22	XL
CCDC28B	AD
CCDC32	AR
CCDC34	AR
CCDC39	AR
CCDC40	AR
CCDC47	AR
CCDC50	AD
CCDC62	AR
CCDC65	AR
CCDC78	AD
CCDC8	AR
CCDC88A	AR
CCDC88C	AD/AR
CCIN	AR
CCM2	AD
CCN2	AD/AR
CCN6	AR
CCND2	AD
CCNF	AD
CCNK	AD
CCNO	AR
CCNQ	XL
CCR2	AR
CCT3	AD
CCT5	AR
CD164	AD
CD19	AR
CD207	AD
CD247	AR
CD27	AR
CD28	AR
CD2AP	AR
CD320	AR
CD36	AR
CD3D	AR
CD3E	AR
CD3G	AR
CD4	AR
CD40	AR
CD40LG	XL
CD46	AD/AR
CD55	AR
CD59	AR
CD70	AR
CD79A	AR
CD79B	AR
CD81	AR
CD8A	AR
CD96	AD
CDAN1	AR
CDC14A	AR
CDC20	AR
CDC42	AD
CDC42BPB	AD
CDC45	AR
CDC6	AR
CDC73	AD
CDCA7	AR
CDH1	AD
CDH11	AD/AR
CDH15	AD
CDH2	AD
CDH23	AD/AR
CDH3	AR
CDHR1	AR
CDIN1	AR
CDK10	AR
CDK13	AD
CDK19	AD
CDK4	AD
CDK5	AR
CDK5RAP2	AR
CDK6	AR
CDK8	AD
CDKL5	XL
CDKN1B	AD
CDKN1C	AD
CDKN2A	AD
CDON	AD
CDSN	AD/AR
CDT1	AR
CEACAM16	AD/AR
CEBPA	AD
CEBPE	AR
CEL	AD
CELA2A	AD
CELF2	AD
CELSR1	AD
CENPE	AR
CENPF	AR
CENPJ	AR
CENPT	AR
CEP104	AR
CEP112	AR
CEP120	AR
CEP135	AR
CEP152	AR
CEP164	AR
CEP19	AR
CEP250	AR
CEP290	AR
CEP295	AR
CEP41	AR
CEP55	AR
CEP57	AR
CEP63	AR
CEP78	AR
CEP83	AR
CEP85L	AD
CERKL	AR
CERS1	AR
CERS3	AR
CERT1	AD
CES1	AD/AR
CETP	AD/AR
CFAP251	AR
CFAP298	AR
CFAP300	AR
CFAP410	AR
CFAP43	AR
CFAP44	AR
CFAP45	AR
CFAP47	XL
CFAP52	AR
CFAP53	AR
CFAP57	AD
CFAP58	AR
CFAP61	AR
CFAP65	AR
CFAP69	AR
CFAP70	AR
CFAP74	AR
CFAP91	AR
CFB	AD/AR
CFC1	AD
CFD	AR
CFH	AD/AR
CFHR1	AD/AR
CFHR3	AD/AR
CFHR4	AD/AR
CFHR5	AD
CFI	AD/AR
CFL2	AR
CFP	XL
CFTR	AR
CHAMP1	AD
CHASERR	AD
CHAT	AR
CHCHD10	AD
CHCHD2	AD
CHD1	AD
CHD2	AD
CHD3	AD
CHD4	AD
CHD5	AD
CHD7	AD
CHD8	AD
CHEK1	AD
CHEK2	AD/AR
CHIT1	AR
CHKA	AR
CHKB	AR
CHM	XL
CHMP1A	AR
CHMP2B	AD
CHMP4B	AD
CHN1	AD
CHP1	AR
CHRDL1	XL
CHRM3	AR
CHRNA1	AD/AR
CHRNA2	AD
CHRNA3	AR
CHRNA4	AD
CHRNA7	AD
CHRNB1	AD/AR
CHRNB2	AD
CHRND	AD/AR
CHRNE	AD/AR
CHRNG	AR
CHST11	AR
CHST14	AR
CHST3	AR
CHST6	AR
CHST8	AD
CHSY1	AR
CHUK	AR
CIAO1	AR
CIB1	AR
CIB2	AR
CIBAR1	AR
CIC	AD
CIDEC	AR
CIITA	AR
CILK1	AD/AR
CIROP	AR
CIROZ	AR
CISD2	AR
CIT	AR
CITED2	AD
CIZ1	AD
CKAP2L	AR
CLAM	AR
CLCC1	AR
CLCF1	AR
CLCN1	AD/AR
CLCN2	AD
CLCN3	AD/AR
CLCN4	XL
CLCN5	XL
CLCN6	AD
CLCN7	AD/AR
CLCNKA	AR
CLCNKB	AR
CLDN1	AR
CLDN10	AR
CLDN11	AR
CLDN14	AR
CLDN16	AR
CLDN19	AR
CLDN2	XL
CLDN9	AR
CLEC3B	AD
CLEC7A	AR
CLIC2	XL
CLIC5	AR
CLMP	AR
CLN3	AR
CLN5	AR
CLN6	AR
CLN8	AR
CLP1	AR
CLPB	AD/AR
CLPP	AR
CLPX	AD
CLRN1	AR
CLRN2	AR
CLTC	AD
CLXN	AR
CMPK2	AR
CNBP	AD
CNGA1	AR
CNGA3	AR
CNGB1	AR
CNGB3	AR
CNKSR2	XL
CNNM2	AR
CNNM4	AR
CNOT1	AD
CNOT2	AD
CNOT3	AD
CNP	AR
CNPY3	AR
CNTN1	AR
CNTN2	AR
CNTNAP1	AR
CNTNAP2	AR
COA3	AR
COA5	AR
COA6	AR
COA7	AR
COA8	AR
COASY	AR
COCH	AR
COG1	AR
COG2	AR
COG3	AR
COG4	AR
COG5	AR
COG6	AR
COG7	AR
COG8	AR
COL10A1	AD
COL11A1	AD/AR
COL11A2	AD/AR
COL12A1	AD/AR
COL13A1	AR
COL17A1	AD/AR
COL18A1	AD/AR
COL1A1	AD
COL1A2	AD/AR
COL25A1	AR
COL27A1	AR
COL2A1	AD
COL3A1	AD/AR
COL4A1	AD
COL4A2	AD
COL4A3	AD/AR
COL4A4	AD/AR
COL4A5	XL
COL4A6	XL
COL5A1	AD
COL5A2	AD
COL6A1	AD/AR
COL6A2	AD/AR
COL6A3	AD/AR
COL7A1	AD/AR
COL8A2	AD
COL9A1	AR
COL9A2	AR
COL9A3	AR
COLEC10	AR
COLEC11	AR
COLGALT1	AR
COLQ	AR
COMP	AD
COMT	AD
COPA	AD
COPB1	AD
COPB2	AD/AR
COPG1	AR
COQ2	AR
COQ4	AR
COQ5	AR
COQ6	AR
COQ7	AR
COQ8A	AR
COQ8B	AR
COQ9	AR
CORIN	AD/AR
CORO1A	AR
COX10	AR
COX11	AR
COX14	AR
COX15	AR
COX16	AR
COX20	AR
COX4I1	AR
COX4I2	AR
COX5A	AR
COX6A1	AR
COX6A2	AR
COX6B1	AR
COX7B	XL
COX8A	AR
CP	AR
CPA6	AR
CPAMD8	AR
CPE	AR
CPLANE1	AR
CPLX1	AR
CPN1	AR
CPOX	AD/AR
CPS1	AR
CPSF1	AD
CPSF3	AR
CPT1A	AR
CPT1C	AD
CPT2	AR
CR2	AR
CRADD	AR
CRAT	AR
CRB1	AD/AR
CRB2	AR
CRBN	AR
CREB3L1	AR
CREB3L3	AD
CREBBP	AD
CRELD1	AD/AR
CRIPT	AR
CRLF1	AR
CRLS1	AR
CRPPA	AR
CRTAP	AR
CRX	AD/AR
CRY1	AD
CRYAA	AD/AR
CRYAB	AD
CRYBA1	AD
CRYBA2	AD
CRYBA4	AD
CRYBB1	AD/AR
CRYBB2	AD
CRYBB3	AD/AR
CRYGB	AD
CRYGC	AD
CRYGD	AD
CRYGS	AD
CRYM	AD
CSF1R	AD/AR
CSF2RA	XL
CSF2RB	AR
CSF3R	AR
CSGALNACT1	AR
CSNK1D	AD
CSNK2A1	AD
CSNK2B	AD
CSPP1	AR
CSRP3	AD
CST3	AD
CST6	AR
CSTA	AR
CSTB	AR
CSTF2	XL
CT55	XL
CTBP1	AD
CTC1	AR
CTCF	AD
CTDP1	AR
CTH	AR
CTHRC1	AD
CTLA4	AD
CTNNA1	AD
CTNNA2	AR
CTNNA3	AD
CTNNB1	AD
CTNNBL1	AR
CTNND1	AD
CTNS	AR
CTPS1	AR
CTSA	AR
CTSB	AD
CTSC	AR
CTSD	AR
CTSF	AR
CTSK	AR
CTU2	AR
CUBN	AR
CUL3	AD
CUL4B	XL
CUL7	AR
CUX1	AD
CUX2	AD
CWC27	AR
CWF19L1	AR
CXCR4	AD
CYB561	AR
CYB5A	AR
CYB5R3	AR
CYBA	AR
CYBB	XL
CYBC1	AR
CYC1	AR
CYCS	AD
CYFIP2	AD
CYLC1	XL
CYLD	AD
CYP11A1	AD/AR
CYP11B1	AD/AR
CYP11B2	AD/AR
CYP17A1	AR
CYP19A1	AD/AR
CYP1A2	AD
CYP1B1	AR
CYP21A2	AR
CYP24A1	AR
CYP26B1	AR
CYP26C1	AR
CYP27A1	AR
CYP27B1	AR
CYP2A6	AD
CYP2B6	AD
CYP2C19	AD
CYP2C8	AD/AR
CYP2C9	AD
CYP2D6	AD
CYP2R1	AR
CYP2U1	AR
CYP3A4	AD
CYP3A5	AD
CYP4F2	AD
CYP4F22	AR
CYP4V2	AR
CYP7B1	AR
CYTB	MT
D2HGDH	AR
DAAM2	AR
DAB1	AD
DACT1	AD
DAG1	AR
DAGLA	AD
DALRD3	AR
DAND5	AR
DAP3	AR
DARS1	AR
DARS2	AR
DAW1	AR
DBH	AR
DBR1	AR
DBT	AR
DCAF17	AR
DCAF8	AD
DCC	AD/AR
DCDC2	AR
DCHS1	AD/AR
DCLRE1B	AR
DCLRE1C	AR
DCN	AD
DCPS	AR
DCT	AR
DCTN1	AD
DCX	XL
DCXR	AR
DDB1	AD
DDB2	AR
DDC	AR
DDHD1	AR
DDHD2	AR
DDOST	AR
DDR2	AD
DDRGK1	AR
DDX11	AR
DDX3X	XL
DDX41	AD
DDX58	AD
DDX59	AR
DDX6	AD
DEAF1	AD/AR
DECR1	AR
DEF6	AR
DEGS1	AR
DENND5A	AR
DEPDC5	AR
DES	AD/AR
DGAT1	AR
DGCR2	AD
DGKE	AR
DGUOK	AR
DHCR24	AR
DHCR7	AR
DHDDS	AD/AR
DHFR	AR
DHH	AD/AR
DHODH	AR
DHPS	AR
DHRSX	AR
DHTKD1	AD/AR
DHX16	AD
DHX30	AD
DHX37	AD/AR
DHX38	AR
DHX9	AD
DIABLO	AD
DIAPH1	AD
DIAPH2	XL
DIAPH3	AD
DICER1	AD
DIO1	AD
DIP2B	AD
DIS3L2	AR
DKC1	XL
DLAT	AR
DLD	AR
DLG3	XL
DLG4	AD
DLG5	AR
DLL1	AD
DLL3	AR
DLL4	AD
DLST	AD
DLX3	AD
DLX4	AD
DLX5	AD/AR
DMD	XL
DMGDH	AR
DMP1	AR
DMPK	AD/AR
DMXL2	AR
DNA2	AD/AR
DNAAF1	AR
DNAAF11	AR
DNAAF2	AR
DNAAF3	AR
DNAAF4	AR
DNAAF5	AR
DNAAF6	XL
DNAH1	AR
DNAH10	AR
DNAH11	AR
DNAH17	AR
DNAH2	AR
DNAH5	AR
DNAH7	AR
DNAH8	AR
DNAH9	AR
DNAI1	AR
DNAI2	AR
DNAJB11	AD
DNAJB13	AR
DNAJB2	AR
DNAJB4	AR
DNAJB6	AD
DNAJC12	AR
DNAJC13	AD
DNAJC19	AR
DNAJC21	AR
DNAJC3	AR
DNAJC30	AR
DNAJC5	AD
DNAJC6	AR
DNAL1	AR
DNAL4	AR
DNALI1	AR
DNASE1L3	AR
DNASE2	AR
DNHD1	AR
DNM1	AD/AR
DNM1L	AD/AR
DNM2	AD/AR
DNMBP	AR
DNMT1	AD
DNMT3A	AD
DNMT3B	AR
DOCK11	XL
DOCK2	AR
DOCK3	AR
DOCK6	AR
DOCK7	AR
DOCK8	AR
DOHH	AR
DOK7	AR
DOLK	AR
DONSON	AR
DPAGT1	AR
DPF2	AD
DPH1	AR
DPH2	AR
DPH5	AR
DPM1	AR
DPM2	AR
DPM3	AR
DPP6	AD
DPP9	AR
DPY19L2	AR
DPYD	AR
DPYS	AR
DPYSL5	AD
DRAM2	AR
DRC1	AR
DRD2	AD
DRG1	AR
DSC2	AD/AR
DSC3	AR
DSE	AR
DSG1	AR
DSG2	AD
DSG3	AR
DSG4	AR
DSP	AD/AR
DSPP	AD
DST	AR
DSTYK	AD
DTNA	AD
DTNBP1	AR
DTYMK	AR
DUOX2	AD/AR
DUOXA2	AR
DUSP6	AD
DUT	AR
DVL1	AD
DVL3	AD
DYM	AR
DYNC1H1	AD
DYNC2H1	AR
DYNC2I1	AR
DYNC2I2	AR
DYNC2LI1	AR
DYNLT2B	AR
DYRK1A	AD
DYRK1B	AD
DYSF	AR
DZIP1	AD
DZIP1L	AR
EARS2	AR
EBF3	AD
EBP	XL
ECE1	AD
ECEL1	AR
ECHS1	AR
ECM1	AR
EDA	XL
EDAR	AD/AR
EDARADD	AD/AR
EDC3	AR
EDEM3	AR
EDN1	AD/AR
EDN3	AD/AR
EDNRA	AD
EDNRB	AD/AR
EED	AD
EEF1A2	AD
EEF2	AD
EFEMP1	AR
EFEMP2	AR
EFHC1	AD
EFL1	AR
EFNB1	XL
EFTUD2	AD
EGF	AR
EGFR	AR
EGLN1	AD
EGR2	AD/AR
EHHADH	AD
EHMT1	AD
EIF2AK1	AD
EIF2AK2	AD/AR
EIF2AK3	AR
EIF2AK4	AR
EIF2B1	AR
EIF2B2	AR
EIF2B3	AR
EIF2B4	AR
EIF2B5	AR
EIF2S3	XL
EIF3F	AR
EIF4A2	AD/AR
EIF4A3	AR
EIF4E	AD
EIF4G1	AD
EIF5A	AD
ELAC2	AR
ELANE	AD
ELF4	XL
ELMO2	AR
ELMOD3	AR
ELN	AD
ELOVL1	AD
ELOVL4	AD/AR
ELOVL5	AD
ELP1	AR
ELP2	AR
ELP4	AD
EMC1	AR
EMC10	AR
EMD	XL
EMG1	AR
EMILIN1	AR
EML1	AR
EMP2	AR
EMX2	AD
EN1	AR
ENAM	AD/AR
ENG	AD
ENO3	AR
ENPP1	AR
ENTPD1	AR
EOGT	AR
EP300	AD
EPAS1	AD
EPB41	AR
EPB41L1	AD
EPB42	AR
EPCAM	AD/AR
EPG5	AR
EPHA10	AD
EPHA2	AD
EPHB2	AR
EPHB4	AD
EPHX1	AR
EPM2A	AR
EPO	AD/AR
EPOR	AD
EPRS1	AR
EPS8	AR
EPS8L2	AR
EPS8L3	AD
EPX	AR
ERAL1	AR
ERBB2	AR
ERBB3	AD/AR
ERBB4	AD
ERCC1	AR
ERCC2	AR
ERCC3	AR
ERCC4	AR
ERCC5	AR
ERCC6	AD/AR
ERCC6L2	AR
ERCC8	AR
ERF	AD
ERG	AD
ERGIC1	AR
ERI1	AR
ERLIN1	AR
ERLIN2	AD/AR
ERMARD	AD
ESAM	AD/AR
ESCO2	AR
ESPN	AD/AR
ESR1	AR
ESR2	AR
ESRP1	AR
ESRRB	AR
ETFA	AR
ETFB	AR
ETFDH	AR
ETHE1	AR
ETV6	AD
EVC	AR
EVC2	AR
EXOC2	AR
EXOC3L2	AR
EXOC6B	AR
EXOSC1	AR
EXOSC2	AR
EXOSC3	AR
EXOSC5	AR
EXOSC8	AR
EXOSC9	AR
EXPH5	AR
EXT1	AD
EXT2	AD
EXTL3	AR
EYA1	AD
EYA4	AD
EYS	AR
EZH2	AD
F10	AR
F11	AD/AR
F12	AD/AR
F13A1	AR
F13B	AR
F2	AD/AR
F5	AD/AR
F7	AR
F8	XL
F9	XL
FA2H	AR
FAAHP1	AD
FADD	AR
FAH	AR
FAM111A	AD
FAM111B	AD
FAM126A	AR
FAM149B1	AR
FAM161A	AR
FAM20A	AR
FAM20C	AR
FAM50A	XL
FAM83H	AD
FAN1	AR
FANCA	AR
FANCB	XL
FANCC	AR
FANCD2	AR
FANCE	AR
FANCF	AR
FANCG	AR
FANCI	AR
FANCL	AR
FANCM	AR
FAR1	AD/AR
FARS2	AR
FARSA	AR
FARSB	AR
FAS	AD/AR
FASLG	AD
FASTKD2	AR
FAT2	AD
FAT4	AR
FBLN1	AD
FBLN5	AD/AR
FBN1	AD
FBN2	AD
FBP1	AR
FBP2	AD
FBXL3	AR
FBXL4	AR
FBXO11	AD
FBXO28	AD
FBXO31	AR
FBXO38	AD
FBXO43	AR
FBXO7	AR
FBXW11	AD
FCGR3A	AR
FCHO1	AR
FCMTE2	AD
FCN3	AR
FCSK	AR
FDFT1	AR
FDPS	AD
FDX2	AR
FDXR	AR
FECH	AD/AR
FERMT1	AR
FERMT3	AR
FEZF1	AR
FGA	AD/AR
FGB	AD/AR
FGD1	XL
FGD4	AR
FGF10	AD
FGF12	AD
FGF13	XL
FGF14	AD
FGF16	XL
FGF17	AD
FGF20	AR
FGF23	AD/AR
FGF3	AR
FGF5	AR
FGF8	AD
FGF9	AD
FGFR1	AD
FGFR2	AD
FGFR3	AD/AR
FGG	AD/AR
FH	AD
FHL1	XL
FHOD3	AD
FIBP	AR
FICD	AR
FIG4	AD/AR
FIGLA	AD
FILIP1	AR
FITM2	AR
FKBP10	AR
FKBP14	AR
FKBP6	AR
FKRP	AR
FKTN	AR
FLAD1	AR
FLCN	AD
FLG	AD/AR
FLG2	AR
FLI1	AD/AR
FLII	AR
FLNA	XL
FLNB	AD/AR
FLNC	AD
FLRT3	AD
FLT3LG	AR
FLT4	AD/AR
FLVCR1	AR
FLVCR2	AR
FMN2	AR
FMO3	AR
FMR1	XL
FN1	AD
FNIP1	AR
FOCAD	AR
FOLR1	AR
FOSL2	AD
FOXC1	AD
FOXC2	AD
FOXE1	AD/AR
FOXE3	AD/AR
FOXF1	AD
FOXG1	AD
FOXH1	AD
FOXI1	AR
FOXI3	AD/AR
FOXJ1	AD
FOXL1	AD
FOXL2	AD
FOXN1	AD/AR
FOXP1	AD
FOXP2	AD
FOXP3	XL
FOXRED1	AR
FRA10AC1	AR
FRAS1	AR
FREM1	AD/AR
FREM2	AR
FRMD4A	AR
FRMD5	AD
FRMD7	XL
FRMPD4	XL
FRRS1L	AR
FRYL	AD
FSCN2	AD
FSHB	AR
FSHMD1A	AD/AR
FSHR	AD/AR
FSIP2	AR
FTCD	AR
FTH1	AD
FTL	AD/AR
FTO	AR
FTSJ1	XL
FUCA1	AR
FUS	AD/AR
FUT3	AD
FUT6	AR
FUT8	AR
FUZ	AD
FXN	AR
FXR1	AR
FXYD2	AD
FYB1	AR
FYCO1	AR
FZD2	AD
FZD4	AD
FZD5	AD
FZD6	AR
G6PC1	AR
G6PC3	AR
G6PD	XL
GAA	AR
GAB1	AR
GABBR1	AD
GABBR2	AD
GABRA1	AD
GABRA2	AD
GABRA5	AD
GABRB1	AD
GABRB2	AD
GABRB3	AD
GABRG2	AD
GAD1	AR
GAL	AD
GALC	AR
GALE	AR
GALK1	AR
GALM	AR
GALNS	AR
GALNT12	AD
GALNT2	AR
GALNT3	AR
GALT	AR
GAMT	AR
GAN	AR
GANAB	AD
GARS1	AD
GAS1	AD
GAS2	AR
GAS8	AR
GATA1	XL
GATA2	AD
GATA3	AD
GATA4	AD
GATA5	AD
GATA6	AD
GATAD1	AR
GATAD2B	AD
GATB	AR
GATC	AR
GATM	AD/AR
GBA	AR
GBA1	AR
GBA2	AR
GBE1	AR
GBF1	AD
GCDH	AR
GCGR	AR
GCH1	AD/AR
GCK	AD/AR
GCLC	AR
GCM2	AD/AR
GCNA	XL
GCNT2	AR
GCSH	AR
GDAP1	AD/AR
GDAP2	AR
GDF1	AD/AR
GDF11	AD
GDF2	AD
GDF3	AD
GDF5	AD/AR
GDF6	AD/AR
GDF9	AR
GDI1	XL
GDNF	AD
GEMIN4	AR
GEMIN5	AR
GET3	AR
GET4	AR
GFAP	AD
GFER	AR
GFI1	AD
GFI1B	AD
GFM1	AR
GFM2	AR
GFPT1	AR
GFRA1	AR
GGCX	AD/AR
GGN	AR
GGPS1	AR
GGT1	AR
GH1	AD/AR
GHR	AD/AR
GHRHR	AR
GHSR	AD/AR
GIGYF2	AD
GIMAP5	AR
GINS1	AR
GIPC1	AD
GIPC3	AR
GJA1	AD/AR
GJA3	AD
GJA5	AD
GJA8	AD/AR
GJB1	XL
GJB2	AD/AR
GJB3	AD
GJB4	AD
GJB6	AR
GJC2	AD/AR
GK	XL
GLA	XL
GLB1	AR
GLDC	AR
GLDN	AR
GLE1	AR
GLI1	AR
GLI2	AD
GLI3	AD
GLIS2	AR
GLIS3	AR
GLMN	AD
GLRA1	AD/AR
GLRA2	XL
GLRB	AR
GLRX5	AR
GLS	AD/AR
GLUD1	AD
GLUL	AR
GLYCTK	AR
GM2A	AR
GMNN	AD
GMPPA	AR
GMPPB	AR
GNA11	AD
GNAI1	AD
GNAI3	AD
GNAL	AD
GNAO1	AD
GNAS	AD
GNAT1	AD/AR
GNAT2	AR
GNB1	AD
GNB2	AD
GNB3	AR
GNB4	AD
GNB5	AR
GNE	AR
GNMT	AR
GNPAT	AR
GNPNAT1	AR
GNPTAB	AR
GNPTG	AR
GNRH1	AR
GNRHR	AD/AR
GNS	AR
GOLGA2	AR
GON7	AR
GORAB	AR
GOSR2	AR
GOT2	AR
GP1BA	AD/AR
GP1BB	AR
GP6	AR
GP9	AR
GPAA1	AR
GPC3	XL
GPC4	XL
GPC6	AR
GPD1	AR
GPD1L	AD
GPHN	AD/AR
GPI	AD
GPIHBP1	AR
GPNMB	AR
GPR101	XL
GPR143	XL
GPR156	AR
GPR161	AD
GPR179	AR
GPR68	AR
GPR88	AR
GPRASP2	XL
GPRC5B	AD
GPSM2	AR
GPT2	AR
GPX4	AR
GRAP	AR
GREB1L	AD
GREM1	AD
GREM2	AD
GRHL2	AD/AR
GRHL3	AD
GRHPR	AR
GRIA1	AD/AR
GRIA2	AD
GRIA3	XL
GRIA4	AD
GRID2	AR
GRIK2	AD/AR
GRIK4	AD
GRIN1	AD/AR
GRIN2A	AD
GRIN2B	AD
GRIN2D	AD
GRIP1	AR
GRK1	AR
GRM1	AD/AR
GRM6	AR
GRM7	AR
GRN	AD/AR
GRXCR1	AR
GRXCR2	AR
GSC	AR
GSDME	AD
GSN	AD
GSR	AR
GSS	AR
GSTZ1	AR
GTF2E2	AR
GTF2H5	AR
GTPBP1	AR
GTPBP2	AR
GTPBP3	AR
GUCA1A	AD
GUCA1B	AD
GUCY1A1	AR
GUCY2C	AD/AR
GUCY2D	AD/AR
GUF1	AR
GUK1	AR
GUSB	AR
GYG1	AR
GYS1	AR
GYS2	AR
GZF1	AR
H1-4	AD
H19	AD
H3-3A	AD
H3-3B	AD
H4C11	AD
H4C3	AD
H4C5	AD
H4C9	AD
H6PD	AR
HAAO	AR
HABP2	AD
HACD1	AR
HACE1	AR
HADH	AR
HADHA	AR
HADHB	AR
HAL	AR
HAMP	AR
HARS1	AR
HARS2	AR
HAVCR2	AR
HAX1	AR
HBA1	AD/AR
HBA2	AD/AR
HBB	AD/AR
HBG1	AD
HBG2	AD
HCCS	XL
HCFC1	XL
HCK	AD
HCN1	AD
HCN2	AD
HCN4	AD
HCRT	AD
HDAC4	AD
HDAC6	XL
HDAC8	XL
HDAC9	AD
HDC	AD
HEATR3	AR
HECTD4	AR
HECW2	AD
HELLS	AR
HEPACAM	AD/AR
HEPHL1	AR
HERC1	AR
HERC2	AD/AR
HES7	AR
HESX1	AD/AR
HEXA	AR
HEXB	AR
HFE	AR
HFM1	AR
HGD	AR
HGF	AR
HGSNAT	AR
HHAT	AR
HIBCH	AR
HID1	AR
HIKESHI	AR
HINT1	AR
HIVEP2	AD
HJV	AR
HK1	AR
HKDC1	AR
HLA-A	AD
HLA-B	AD
HLCS	AR
HMBS	AD
HMCN1	AD
HMGA2	AD
HMGB3	XL
HMGCL	AR
HMGCR	AD/AR
HMGCS2	AR
HMOX1	AR
HMX1	AD
HNF1A	AD
HNF1B	AD
HNF4A	AD
HNMT	AR
HNRNPA1	AD
HNRNPA2B1	AD
HNRNPC	AD
HNRNPDL	AD
HNRNPH2	XL
HNRNPK	AD
HNRNPR	AD
HNRNPU	AR
HOGA1	AD/AR
HOMER2	AD
HOXA1	AR
HOXA11	AD
HOXA13	AD
HOXA2	AR
HOXB1	AR
HOXB13	AD
HOXC13	AR
HOXD10	AD
HOXD13	AD/AR
HP	AR
HPCA	AR
HPD	AD/AR
HPDL	AR
HPGD	AR
HPRT1	XL
HPS1	AR
HPS3	AR
HPS4	AR
HPS5	AR
HPS6	AR
HPSE2	AR
HR	AR
HRAS	AD
HRG	AD
HRURF	AD
HS2ST1	AR
HS3ST6	AD
HS6ST1	AD/AR
HS6ST2	XL
HSCB	AR
HSD11B1	AD/AR
HSD11B2	AR
HSD17B10	XL
HSD17B3	AR
HSD17B4	AR
HSD3B2	AR
HSD3B7	AR
HSF2BP	AR
HSF4	AD
HSPA1L	AD
HSPA9	AD
HSPB1	AD
HSPB3	AD
HSPB8	AD
HSPD1	AD/AR
HSPG2	AD/AR
HTR1A	AD
HTR2A	AD
HTRA1	AD/AR
HTRA2	AR
HTT	AD/AR
HUWE1	XL
HYAL1	AR
HYAL2	AR
HYDIN	AR
HYLS1	AR
HYOU1	AR
IARS1	AR
IARS2	AR
IBA57	AR
ICOS	AR
IDH2	AD
IDH3A	AR
IDH3B	AR
IDS	XL
IDUA	AR
IER3IP1	AR
IFIH1	AD/AR
IFITM5	AD
IFNAR1	AR
IFNAR2	AR
IFNG	AR
IFNGR1	AD/AR
IFNGR2	AR
IFNL3	AD
IFT122	AR
IFT140	AR
IFT172	AR
IFT27	AR
IFT43	AR
IFT52	AR
IFT57	AR
IFT74	AR
IFT80	AR
IFT81	AR
IFT88	AR
IGBP1	XL
IGF1	AR
IGF1R	AD/AR
IGF2	AD
IGFALS	AR
IGFBP7	AR
IGHM	AR
IGHMBP2	AR
IGKC	AR
IGLL1	AR
IGSF1	XL
IGSF3	AR
IHH	AD/AR
IKBKB	AD/AR
IKBKG	XL
IKZF1	AD
IKZF3	AD
IKZF5	AD
IL10	AD
IL10RA	AR
IL10RB	AR
IL11RA	AR
IL12B	AR
IL12RB1	AR
IL17F	AD
IL17RA	AR
IL17RC	AR
IL17RD	AD
IL18BP	AR
IL1R1	AD
IL1RAPL1	XL
IL1RN	AR
IL21	AR
IL21R	AR
IL2RA	AR
IL2RB	AR
IL2RG	XL
IL31RA	AD
IL36RN	AR
IL37	AR
IL6R	AR
IL6ST	AD/AR
IL7	AR
IL7R	AR
ILDR1	AR
IMPA1	AR
IMPDH1	AD
IMPDH2	AD
IMPG1	AD/AR
IMPG2	AD/AR
INF2	AD
INPP5E	AR
INPP5K	AR
INPPL1	AR
INS	AD
INSL3	AD
INSR	AD/AR
INTS1	AR
INTS11	AR
INTU	AR
INVS	AR
IPMK	AD
IPO8	AR
IQCB1	AR
IQCE	AR
IQCN	AR
IQSEC1	AR
IQSEC2	XL
IRAK4	AR
IREB2	AR
IRF1	AR
IRF2BP2	AD
IRF2BPL	AD
IRF3	AD
IRF4	AD/AR
IRF6	AD
IRF7	AR
IRF8	AD
IRF9	AR
IRS4	XL
IRX5	AR
ISCA1	AR
ISCA2	AR
ISCU	AR
ISG15	AR
ITCH	AR
ITGA2B	AD/AR
ITGA3	AR
ITGA6	AR
ITGA7	AR
ITGA8	AR
ITGB2	AR
ITGB3	AD/AR
ITGB4	AR
ITGB6	AR
ITK	AR
ITM2B	AD
ITPA	AR
ITPR1	AD/AR
ITPR2	AR
ITPR3	AD
IVD	AR
IVNS1ABP	AD
IYD	AR
JAG1	AD
JAG2	AR
JAGN1	AR
JAK1	AD
JAK2	AD
JAK3	AR
JAM2	AR
JAM3	AR
JARID2	AD
JPH1	AR
JPH2	AD/AR
JPH3	AD
JUP	AD/AR
KANK1	AD
KANK2	AR
KANSL1	AD
KARS1	AR
KASH5	AR
KAT5	AD
KAT6A	AD
KAT6B	AD
KAT8	AD
KATNB1	AR
KATNIP	AR
KBTBD13	AD
KCNA1	AD
KCNA2	AD
KCNA4	AR
KCNA5	AD
KCNB1	AD
KCNC1	AD
KCNC2	AD
KCNC3	AD
KCND3	AD
KCNE1	AD/AR
KCNE2	AD
KCNE3	AD
KCNH1	AD/AR
KCNH2	AD
KCNH5	AD
KCNJ1	AR
KCNJ10	AR
KCNJ11	AD/AR
KCNJ13	AD/AR
KCNJ16	AR
KCNJ18	AD
KCNJ2	AD
KCNJ3	AR
KCNJ5	AD
KCNJ6	AD
KCNK18	AD
KCNK3	AD
KCNK4	AD
KCNK9	AD
KCNMA1	AD/AR
KCNN2	AD
KCNN3	AD
KCNN4	AD
KCNQ1	AD/AR
KCNQ1OT1	AD
KCNQ2	AD
KCNQ3	AD
KCNQ4	AD
KCNQ5	AD
KCNT1	AD
KCNT2	AD
KCNU1	AR
KCNV2	AR
KCTD17	AD
KCTD7	AR
KDELR2	AR
KDF1	AD
KDM1A	AD
KDM3B	AD
KDM4B	AD
KDM5A	AR
KDM5B	AR
KDM5C	XL
KDM6A	XL
KDM6B	AD
KDSR	AR
KERA	AR
KHDC3L	AR
KHK	AR
KIAA0586	AR
KIAA0753	AR
KIAA0825	AR
KIAA1549	AR
KIDINS220	AR
KIF11	AD
KIF12	AR
KIF14	AR
KIF15	AR
KIF1A	AD/AR
KIF1B	AD
KIF1C	AR
KIF20A	AR
KIF21A	AD
KIF22	AD
KIF23	AD
KIF26A	AR
KIF2A	AD
KIF3B	AR
KIF4A	XL
KIF5A	AD
KIF5C	AD
KIF7	AR
KIFBP	AR
KIRREL1	AR
KIRREL3	AD
KISS1	AR
KISS1R	AR
KIT	AD
KITLG	AD/AR
KIZ	AR
KL	AR
KLC2	AR
KLF1	AD/AR
KLF11	AD
KLHDC8B	AD
KLHL10	AD
KLHL15	XL
KLHL24	AD/AR
KLHL3	AD/AR
KLHL40	AR
KLHL41	AR
KLHL7	AR
KLK11	AD
KLK4	AR
KLKB1	AR
KLLN	AD
KMT2A	AD
KMT2B	AD
KMT2C	AD
KMT2D	AD
KMT2E	AD
KMT5B	AD
KNG1	AD
KNL1	AR
KPNA3	AD
KPNA7	AR
KPTN	AR
KRAS	AD
KREMEN1	AR
KRIT1	AD
KRT1	AD
KRT10	AD/AR
KRT12	AD
KRT13	AD
KRT14	AD/AR
KRT16	AD
KRT17	AD
KRT2	AD
KRT25	AR
KRT3	AD
KRT4	AD
KRT5	AD/AR
KRT6A	AD
KRT6B	AD
KRT6C	AD
KRT71	AD
KRT74	AD
KRT75	AD
KRT81	AD
KRT83	AD/AR
KRT85	AR
KRT86	AD
KRT9	AD
KY	AR
KYNU	AR
L1CAM	XL
L2HGDH	AR
LACC1	AR
LAGE3	XL
LAMA1	AR
LAMA2	AD/AR
LAMA3	AR
LAMA4	AD
LAMA5	AR
LAMB1	AR
LAMB2	AR
LAMB3	AR
LAMC2	AR
LAMC3	AR
LAMP2	XL
LAMTOR2	AR
LARGE1	AR
LARP7	AR
LARS1	AR
LARS2	AR
LAS1L	XL
LAT	AR
LBR	AD/AR
LBX1	AR
LCA5	AR
LCAT	AR
LCK	AR
LCP2	AR
LCT	AR
LDB3	AD
LDHA	AR
LDHB	AR
LDHD	AR
LDLR	AD/AR
LDLRAP1	AR
LEFTY2	AD
LEMD2	AD/AR
LEMD3	AD
LEP	AR
LEPR	AR
LETM1	AR
LFNG	AR
LGI1	AD
LGI3	AR
LGI4	AR
LGR4	AD
LHB	AR
LHCGR	AR
LHFPL5	AR
LHX3	AR
LHX4	AD
LIAS	AR
LIFR	AR
LIG1	AR
LIG3	AR
LIG4	AR
LIM2	AD/AR
LIMA1	AD
LIMS2	AD
LINGO1	AR
LINS1	AR
LIPA	AR
LIPC	AR
LIPE	AR
LIPH	AR
LIPI	AD
LIPN	AR
LIPT1	AR
LIPT2	AR
LITAF	AD
LMAN1	AR
LMAN2L	AD/AR
LMBR1	AD/AR
LMBRD1	AR
LMBRD2	AD
LMF1	AR
LMNA	AD/AR
LMNB1	AD
LMNB2	AD/AR
LMOD1	AR
LMOD2	AR
LMOD3	AR
LMX1A	AD
LMX1B	AD
LNPK	AR
LOC111365204	AD
LONP1	AR
LORICRIN	AD
LOX	AD
LOXHD1	AR
LOXL3	AR
LPA	AR
LPAR6	AR
LPIN1	AR
LPIN2	AR
LPL	AD/AR
LRAT	AR
LRBA	AR
LRIG2	AR
LRIT3	AR
LRMDA	AR
LRP1	AD/AR
LRP12	AD
LRP2	AR
LRP4	AD/AR
LRP5	AD/AR
LRP6	AD
LRPAP1	AR
LRPPRC	AR
LRRC23	AR
LRRC32	AR
LRRC56	AR
LRRC8A	AD
LRRC8C	AD
LRRK1	AR
LRRK2	AD
LRSAM1	AR
LRTOMT	AR
LSS	AR
LTBP1	AR
LTBP2	AR
LTBP3	AD/AR
LTBP4	AR
LTC4S	AR
LTV1	AR
LYN	AD
LYRM4	AR
LYRM7	AR
LYST	AR
LYZ	AD
LZTFL1	AR
LZTR1	AD/AR
M1AP	AR
MAB21L1	AR
MAB21L2	AR
MACF1	AD
MAD1L1	AR
MAD2L2	AR
MADD	AR
MAF	AD
MAFA	AD
MAFB	AD
MAG	AR
MAGED2	XL
MAGEL2	AD
MAGI2	AR
MAGT1	XL
MAK	AR
MAL	AR
MALT1	AR
MAMLD1	XL
MAN1B1	AR
MAN2B1	AR
MAN2C1	AR
MANBA	AR
MANF	AR
MAOA	XL
MAP1B	AD
MAP2K1	AD
MAP2K2	AD
MAP3K1	AD
MAP3K14	AR
MAP3K20	AD/AR
MAP3K6	AD
MAP3K7	AD
MAPK1	AD
MAPK10	AD
MAPK8IP1	AD
MAPK8IP3	AD
MAPKAPK3	AD
MAPKAPK5	AR
MAPKBP1	AR
MAPRE2	AD
MAPT	AD/AR
MARCHF6	AD
MARK3	AR
MARS1	AR
MARS2	AR
MARVELD2	AR
MASP1	AR
MASP2	AR
MAST1	AD
MAST3	AD
MASTL	AD
MAT1A	AD/AR
MATN3	AD/AR
MATR3	AD
MAX	AD
MB	AD
MBD4	AD/AR
MBD5	AD
MBL2	AD
MBOAT7	AR
MBTPS1	AR
MBTPS2	XL
MC1R	AD
MC2R	AR
MC3R	AD
MC4R	AD
MCAT	AR
MCCC1	AR
MCCC2	AR
MCEE	AR
MCFD2	AR
MCIDAS	AR
MCM10	AR
MCM2	AD
MCM3AP	AR
MCM4	AR
MCM5	AR
MCM6	AD
MCM8	AR
MCM9	AR
MCOLN1	AD/AR
MCPH1	AR
MCTS1	XL
MDFIC	AR
MDH1	AR
MDH2	AR
MDM2	AR
MDM4	AD
MECOM	AD
MECP2	XL
MECR	AR
MED11	AR
MED12	XL
MED12L	AD
MED13	AD
MED13L	AD/AR
MED17	AR
MED23	AR
MED25	AR
MED27	AR
MEF2C	AD
MEFV	AD/AR
MEGF10	AR
MEGF8	AR
MEI1	AR
MEIOB	AR
MEIS2	AD
MEN1	AD
MEOX1	AR
MERTK	AD/AR
MESD	AR
MESP2	AR
MET	AD/AR
METTL13	AD
METTL23	AR
METTL5	AR
MFAP5	AD
MFF	AR
MFN2	AR
MFRP	AR
MFSD2A	AR
MFSD8	AR
MGA	AD
MGAT2	AR
MGME1	AR
MGP	AR
MIA3	AR
MIB1	AD
MICOS13	AR
MICU1	AR
MID1	XL
MID2	XL
MIEF1	AD
MIEF2	AR
MINAR2	AR
MINPP1	AR
MIP	AD
MIPEP	AR
MIR140	AD
MIR17HG	AD
MIR184	AD
MIR204	AD
MIR96	AD
MITF	AD
MKKS	AR
MKRN3	AD
MKS1	AR
MLC1	AR
MLH1	AD/AR
MLH3	AD
MLIP	AR
MLPH	AR
MLYCD	AR
MMAA	AR
MMAB	AR
MMACHC	AR
MMADHC	AR
MME	AR
MMP13	AD/AR
MMP14	AR
MMP19	AD
MMP2	AR
MMP20	AR
MMP21	AR
MMP9	AR
MMUT	AR
MN1	AD
MNS1	AR
MNX1	AD
MOCOS	AR
MOCS1	AR
MOCS2	AR
MOG	AD
MOGS	AR
MORC2	AD
MOS	AR
MOV10L1	AR
MPC1	AR
MPDU1	AR
MPDZ	AR
MPEG1	AD
MPI	AR
MPIG6B	AR
MPL	AD/AR
MPLKIP	AR
MPO	AR
MPV17	AR
MPZ	AD
MPZL2	AR
MR1	AD
MRAP	AR
MRAP2	AD
MRAS	AD
MRE11	AD
MRM2	AR
MRPL12	AR
MRPL3	AR
MRPL39	AR
MRPL44	AR
MRPS14	AR
MRPS16	AR
MRPS2	AR
MRPS22	AR
MRPS23	AR
MRPS25	AR
MRPS28	AR
MRPS34	AR
MRPS7	AR
MRTFA	AR
MS4A1	AR
MSH2	AD/AR
MSH3	AD
MSH4	AR
MSH5	AR
MSH6	AD/AR
MSL2	AD
MSL3	XL
MSMO1	AR
MSN	XL
MSR1	AD
MSRB3	AR
MSTN	AR
MSTO1	AD/AR
MSX1	AD
MSX2	AD
MT-ATP6	MT
MT-ATP8	MT
MT-CO1	MT
MT-CO2	MT
MT-CO3	MT
MT-ND1	MT
MT-ND2	MT
MT-ND3	MT
MT-ND4	MT
MT-ND4L	MT
MT-ND5	MT
MT-ND6	MT
MT-RNR1	MT
MT-RNR2	MT
MT-TC	MT
MT-TE	MT
MT-TF	MT
MT-TH	MT
MT-TK	MT
MT-TL1	MT
MT-TQ	MT
MT-TS1	MT
MT-TS2	MT
MT-TV	MT
MT-TW	MT
MTAP	AD
MTFMT	AR
MTHFD1	AR
MTHFR	AR
MTHFS	AR
MTM1	XL
MTMR2	AR
MTO1	AR
MTOR	AD
MTPAP	AR
MTR	AR
MTRR	AR
MTSS2	AD
MTTP	AR
MTX2	AR
MUC1	AD
MUSK	AR
MUTYH	AR
MVD	AD
MVK	AR
MYBPC1	AD/AR
MYBPC3	AD/AR
MYCN	AD
MYD88	AR
MYF5	AR
MYF6	AD
MYH11	AD/AR
MYH14	AD
MYH2	AD/AR
MYH3	AD
MYH6	AD
MYH7	AD/AR
MYH8	AD
MYH9	AD
MYL1	AR
MYL2	AD
MYL3	AD/AR
MYL4	AD
MYL9	AR
MYLK	AD/AR
MYLK2	AD
MYLPF	AD/AR
MYMK	AR
MYMX	AR
MYO15A	AR
MYO18B	AR
MYO1A	AD
MYO1E	AR
MYO1H	AR
MYO3A	AD/AR
MYO5A	AR
MYO5B	AR
MYO6	AD/AR
MYO7A	AR
MYO9A	AR
MYOC	AD/AR
MYOCD	AD
MYOD1	AR
MYOF	AD
MYORG	AR
MYOT	AD
MYOZ2	AD
MYPN	AD
MYRF	AD
MYSM1	AR
MYT1L	AD
MYZAP	AR
NAA10	XL
NAA15	AD
NAA20	AR
NAA60	AR
NAA80	AR
NACC1	AD
NADK2	AR
NADSYN1	AR
NAE1	AR
NAF1	AD
NAGA	AR
NAGLU	AR
NAGS	AR
NALCN	AD/AR
NANOS1	AD
NANS	AR
NAPB	AR
NARS1	AD/AR
NARS2	AR
NAT1	AD
NAT2	AD
NAT8L	AR
NAXD	AR
NAXE	AR
NBAS	AR
NBEA	AD
NBEAL2	AR
NBN	AD/AR
NCAPD2	AR
NCAPD3	AR
NCAPG2	AR
NCAPH	AR
NCDN	AD
NCF1	AR
NCF2	AR
NCF4	AR
NCKAP1L	AR
NCSTN	AD
NDE1	AR
NDNF	AD
NDP	XL
NDRG1	AR
NDST1	AR
NDUFA1	XL
NDUFA10	AR
NDUFA11	AR
NDUFA12	AR
NDUFA13	AD
NDUFA2	AR
NDUFA4	AR
NDUFA6	AR
NDUFA8	AR
NDUFA9	AR
NDUFAF1	AR
NDUFAF2	AR
NDUFAF3	AR
NDUFAF4	AR
NDUFAF5	AR
NDUFAF6	AR
NDUFAF8	AR
NDUFB10	AR
NDUFB11	XL
NDUFB3	AR
NDUFB8	AR
NDUFB9	AR
NDUFC2	AR
NDUFS1	AR
NDUFS2	AR
NDUFS3	AR
NDUFS4	AR
NDUFS6	AR
NDUFS7	AR
NDUFS8	AR
NDUFV1	AR
NDUFV2	AR
NEB	AR
NECAP1	AR
NECTIN1	AD/AR
NECTIN4	AR
NEDD4L	AD
NEFH	AD
NEFL	AD/AR
NEK1	AR
NEK10	AR
NEK2	AR
NEK8	AD/AR
NEK9	AR
NEMF	AR
NEPRO	AR
NEU1	AR
NEUROD1	AD
NEUROD2	AD
NEUROG1	AR
NEUROG3	AR
NEXMIF	XL
NEXN	AD
NF1	AD
NF2	AD
NFASC	AR
NFATC2	AR
NFE2L2	AD
NFIA	AD
NFIB	AD
NFIX	AD
NFKB1	AD
NFKB2	AD
NFKBIA	AD
NFS1	AR
NFU1	AR
NGF	AR
NGLY1	AR
NHEJ1	AR
NHLH2	AR
NHLRC1	AR
NHLRC2	AR
NHP2	AR
NHS	XL
NIN	AR
NIPA1	AD
NIPAL4	AR
NIPBL	AD
NKAP	XL
NKX2-1	AD
NKX2-5	AD
NKX2-6	AR
NKX3-2	AR
NKX6-2	AR
NLGN1	AD/AR
NLGN3	XL
NLGN4X	XL
NLRC4	AD
NLRP1	AD/AR
NLRP12	AD
NLRP2	AR
NLRP3	AD
NLRP5	AR
NLRP7	AR
NME5	AR
NME8	AR
NMNAT1	AR
NNT	AR
NOBOX	AD
NOD2	AD/AR
NODAL	AD
NOG	AD
NOL3	AD
NONO	XL
NOP10	AD/AR
NOP56	AD
NOS1AP	AR
NOTCH1	AD
NOTCH2	AD
NOTCH2NLC	AD
NOTCH3	AD
NOVA2	AD
NPAT	AD
NPC1	AR
NPC1L1	AD/AR
NPC2	AR
NPHP1	AR
NPHP3	AR
NPHP4	AR
NPHS1	AR
NPHS2	AR
NPPA	AD/AR
NPR2	AD/AR
NPR3	AD
NPRL2	AD
NPRL3	AD
NPTX1	AD
NR0B1	XL
NR1H4	AR
NR2E3	AD/AR
NR2F1	AD
NR2F2	AD
NR3C1	AD/AR
NR3C2	AD
NR4A2	AD
NR5A1	AD/AR
NRAS	AD
NRCAM	AR
NRIP1	AD
NRL	AD/AR
NRROS	AR
NRXN1	AD/AR
NSD1	AD
NSD2	AD
NSDHL	XL
NSMCE2	AR
NSMCE3	AR
NSMF	AD
NSRP1	AR
NSUN2	AR
NSUN3	AR
NSUN6	AR
NT5C2	AR
NT5C3A	AR
NT5E	AR
NTF4	AD
NTHL1	AR
NTN1	AD
NTNG2	AR
NTRK1	AR
NTRK2	AD
NUAK2	AR
NUBPL	AR
NUDT15	AD
NUDT2	AR
NUP107	AR
NUP133	AR
NUP155	AR
NUP160	AR
NUP188	AR
NUP205	AR
NUP210L	AR
NUP214	AR
NUP37	AR
NUP54	AR
NUP62	AR
NUP85	AR
NUP88	AR
NUP93	AR
NUS1	AD/AR
NUTM2B-AS1	AD
NXF5	XL
NXN	AR
NYX	XL
OAS1	AD
OAT	AR
OBSCN	AR
OBSL1	AR
OCA2	AD/AR
OCLN	AR
OCRL	XL
ODAD1	AR
ODAD2	AR
ODAD3	AR
ODAD4	AR
ODAPH	AR
ODC1	AD
OFD1	XL
OGDH	AR
OGDHL	AR
OGT	XL
OPA1	AD
OPA3	AD/AR
OPHN1	XL
OPLAH	AR
OPN1LW	XL
OPN1MW	XL
OPN1SW	AD
OPTN	AD
ORAI1	AR
ORC1	AR
ORC4	AR
ORC6	AR
OSBPL2	AD
OSGEP	AR
OSMR	AD
OSTM1	AR
OTC	XL
OTOA	AR
OTOF	AR
OTOG	AR
OTOGL	AR
OTUD5	XL
OTUD6B	AR
OTUD7A	AD/AR
OTULIN	AD/AR
OTX2	AD
OVOL2	AD
OXCT1	AR
OXGR1	AD
OXR1	AR
P2RX2	AD
P2RY12	AD/AR
P3H1	AR
P3H2	AR
P4HA2	AD
P4HB	AD
P4HTM	AR
PABPC1L	AR
PABPN1	AD/AR
PACS1	AD
PACS2	AD
PADI3	AR
PADI6	AR
PAFAH1B1	AD
PAH	AR
PAICS	AR
PAK1	AD
PAK2	AD
PAK3	XL
PALB2	AD/AR
PALLD	AD
PAM16	AR
PANK2	AD/AR
PANK4	AD
PANX1	AD
PAPPA2	AR
PAPSS2	AR
PARK7	AR
PARN	AD/AR
PARS2	AR
PATL2	AR
PAX1	AR
PAX2	AD
PAX3	AD/AR
PAX4	AD
PAX5	AD
PAX6	AD
PAX7	AR
PAX8	AD
PAX9	AD
PBRM1	AD
PBX1	AD
PC	AR
PCARE	AR
PCBD1	AR
PCCA	AR
PCCB	AR
PCDH12	AR
PCDH15	AR
PCDH19	XL
PCDHGC4	AR
PCGF2	AD
PCIF1	AR
PCK1	AR
PCLO	AR
PCNA	AR
PCNT	AR
PCSK1	AD
PCSK9	AD
PCYT1A	AR
PCYT2	AR
PDCD1	AR
PDCD10	AD
PDCD6IP	AR
PDE10A	AD/AR
PDE11A	AD
PDE1C	AD
PDE2A	AR
PDE3A	AD
PDE4D	AD
PDE6A	AR
PDE6B	AD/AR
PDE6C	AR
PDE6D	AR
PDE6G	AR
PDE6H	AD/AR
PDE8B	AD
PDGFB	AD
PDGFRA	AD
PDGFRB	AD
PDHA1	XL
PDHA2	AR
PDHB	AR
PDHX	AR
PDK3	XL
PDP1	AR
PDSS1	AR
PDSS2	AR
PDX1	AR
PDXK	AR
PDYN	AD
PDZD7	AR
PDZD8	AR
PEPD	AR
PER2	AD
PER3	AD
PERCC1	AR
PERP	AD/AR
PET100	AR
PET117	AR
PEX1	AR
PEX10	AR
PEX11B	AR
PEX12	AR
PEX13	AR
PEX14	AR
PEX16	AR
PEX19	AR
PEX2	AR
PEX26	AR
PEX3	AR
PEX5	AR
PEX6	AR
PEX7	AR
PFKM	AR
PFN1	AD
PGAM2	AR
PGAP1	AR
PGAP2	AR
PGAP3	AR
PGK1	XL
PGM1	AR
PGM2L1	AR
PGM3	AR
PHACTR1	AD
PHC1	AR
PHEX	XL
PHF21A	AD
PHF6	XL
PHF8	XL
PHGDH	AR
PHIP	AD
PHKA1	XL
PHKA2	XL
PHKB	AR
PHKG2	AR
PHLDB1	AR
PHOX2A	AR
PHOX2B	AD
PHYH	AR
PHYKPL	AR
PI4K2A	AR
PI4KA	AR
PI4KB	AD
PIBF1	AR
PIEZO1	AD
PIEZO2	AD/AR
PIGA	XL
PIGB	AR
PIGC	AR
PIGF	AR
PIGG	AR
PIGH	AR
PIGK	AR
PIGL	AR
PIGM	AR
PIGN	AR
PIGO	AR
PIGP	AR
PIGQ	AR
PIGS	AR
PIGT	AR
PIGU	AR
PIGV	AR
PIGW	AR
PIGY	AR
PIK3C2A	AR
PIK3CA	AD
PIK3CD	AD/AR
PIK3CG	AR
PIK3R1	AR
PIK3R2	AD
PIK3R5	AR
PIKFYVE	AD
PINK1	AR
PIP5K1C	AR
PISD	AR
PITPNM3	AD
PITRM1	AR
PITX1	AD
PITX2	AD
PITX3	AD
PJVK	AR
PKD1	AD
PKD1L1	AR
PKD2	AD
PKDCC	AR
PKHD1	AR
PKHD1L1	AR
PKLR	AR
PKP1	AR
PKP2	AD
PLA2G4A	AR
PLA2G5	AR
PLA2G6	AR
PLA2G7	AR
PLAA	AR
PLAAT3	AR
PLAG1	AD
PLAGL1	AD
PLAU	AD
PLCB1	AR
PLCB3	AR
PLCB4	AD
PLCD1	AD/AR
PLCE1	AR
PLCG1	AD
PLCG2	AD
PLCH1	AR
PLCZ1	AR
PLD1	AR
PLD3	AD
PLEC	AR
PLEKHG2	AR
PLEKHG5	AR
PLEKHM1	AD/AR
PLG	AD/AR
PLIN1	AD
PLIN4	AD
PLK4	AR
PLN	AD/AR
PLOD1	AR
PLOD2	AR
PLOD3	AR
PLP1	XL
PLPBP	AR
PLS1	AD
PLS3	XL
PLVAP	AR
PLXNA1	AR
PLXND1	AR
PMFBP1	AR
PMM2	AR
PMP2	AD
PMP22	AD/AR
PMPCA	AR
PMPCB	AR
PMS2	AD/AR
PMVK	AD
PNKP	AR
PNLDC1	AR
PNLIP	AR
PNP	AR
PNPLA1	AR
PNPLA2	AR
PNPLA6	AR
PNPLA8	AR
PNPO	AR
PNPT1	AR
POC1A	AR
POC1B	AR
POF1B	XL
POFUT1	AD
POGLUT1	AD/AR
POGZ	AD
POLA1	XL
POLD1	AD
POLD3	AR
POLE	AD/AR
POLG	AD/AR
POLG2	AD/AR
POLH	AR
POLR1A	AD/AR
POLR1B	AD
POLR1C	AR
POLR1D	AD/AR
POLR3A	AR
POLR3B	AD/AR
POLR3F	AD
POLR3GL	AR
POLR3K	AR
POLRMT	AD/AR
POMC	AR
POMGNT1	AR
POMGNT2	AR
POMK	AR
POMP	AD
POMT1	AR
POMT2	AR
PON1	AD/AR
POP1	AR
POPDC3	AR
POR	AR
PORCN	XL
POT1	AD/AR
POU1F1	AD/AR
POU3F3	AD
POU3F4	XL
POU4F1	AD
POU4F3	AD
POU6F2	AD
PPA2	AR
PPARG	AD
PPCS	AR
PPFIBP1	AR
PPIB	AR
PPIP5K2	AR
PPM1D	AD
PPM1K	AR
PPOX	AD/AR
PPP1CB	AD
PPP1R12A	AD
PPP1R13L	AR
PPP1R15B	AR
PPP1R21	AR
PPP2CA	AD
PPP2R1A	AD
PPP2R2B	AD
PPP2R3C	AD/AR
PPP2R5D	AD
PPP3CA	AD
PPT1	AR
PQBP1	XL
PRCD	AR
PRDM10	AD
PRDM12	AR
PRDM13	AR
PRDM16	AD
PRDM5	AR
PRDM6	AD
PRDM8	AR
PRDX1	AR
PRDX3	AD/AR
PREPL	AR
PRF1	AR
PRG4	AR
PRICKLE1	AD/AR
PRICKLE2	AD
PRIM1	AR
PRIMPOL	AD
PRKACA	AD
PRKACB	AD
PRKACG	AR
PRKAG2	AD
PRKAG3	AD
PRKAR1A	AD
PRKAR1B	AD
PRKCD	AR
PRKCG	AD/AR
PRKCSH	AD
PRKD1	AD
PRKDC	AR
PRKG1	AD
PRKG2	AR
PRKN	AR
PRKRA	AR
PRLR	AD
PRMT7	AR
PRNP	AD/AR
PROC	AD/AR
PRODH	AR
PROK2	AD/AR
PROKR2	AD/AR
PROM1	AD/AR
PROP1	AR
PRORP	AR
PROS1	AD/AR
PROZ	AD
PRPF3	AD
PRPF31	AD
PRPF4	AD
PRPF6	AD
PRPF8	AD
PRPH2	AD
PRPS1	XL
PRR12	AD
PRRT2	AD
PRRX1	AD/AR
PRSS1	AD
PRSS12	AR
PRSS56	AR
PRUNE1	AR
PRX	AR
PSAP	AD
PSAT1	AR
PSEN1	AD
PSEN2	AD
PSENEN	AD
PSKH1	AR
PSMB1	AR
PSMB10	AD/AR
PSMB4	AR
PSMB8	AR
PSMB9	AD
PSMC1	AR
PSMC3	AR
PSMC3IP	AR
PSMD12	AD
PSMG2	AR
PSPH	AR
PSTPIP1	AD
PTCD3	AR
PTCH1	AD
PTCH2	AD
PTCHD1	XL
PTCRA	AR
PTDSS1	AD
PTEN	AD
PTF1A	AR
PTH	AD/AR
PTH1R	AD/AR
PTHLH	AD
PTPA	AR
PTPN11	AD
PTPN14	AR
PTPN23	AR
PTPRC	AR
PTPRF	AR
PTPRJ	AR
PTPRO	AR
PTPRQ	AR
PTRH2	AR
PTRHD1	AR
PTS	AR
PUF60	AD
PUM1	AD
PURA	AD
PUS1	AR
PUS3	AR
PUS7	AR
PXDN	AR
PYCR1	AR
PYCR2	AR
PYGL	AR
PYGM	AR
PYROXD1	AR
QARS1	AR
QDPR	AR
QRICH1	AD
QRICH2	AR
QRSL1	AR
RAB11B	AD
RAB18	AR
RAB23	AR
RAB27A	AR
RAB28	AR
RAB32	AD
RAB33B	AR
RAB34	AR
RAB39B	XL
RAB3GAP1	AR
RAB3GAP2	AR
RAB5IF	AR
RAB7A	AD
RABL3	AD
RAC1	AD
RAC2	AD/AR
RAC3	AD
RACGAP1	AR
RAD21	AD/AR
RAD50	AD/AR
RAD51	AD
RAD51C	AD/AR
RAD51D	AD
RAF1	AD
RAG1	AR
RAG2	AR
RAI1	AD
RALA	AD
RALGAPA1	AR
RANBP2	AD
RAP1B	AD
RAP1GDS1	AR
RAPGEF2	AD
RAPSN	AR
RARB	AD/AR
RARS1	AD
RARS2	AR
RASA1	AD
RASGRP1	AR
RASGRP2	AR
RAX	AR
RAX2	AD/AR
RB1	AD
RB1CC1	AD
RBBP7	XL
RBBP8	AR
RBCK1	AR
RBL2	AR
RBM10	XL
RBM12	AD
RBM20	AD
RBM28	AR
RBM8A	AR
RBMX	XL
RBP3	AR
RBP4	AD/AR
RBPJ	AD
RBSN	AR
RC3H1	AR
RCBTB1	AR
RD3	AR
RDH11	AD/AR
RDH12	AD/AR
RDH5	AR
RDX	AR
REC114	AR
RECQL4	AR
REEP1	AD/AR
REEP2	AD/AR
REEP6	AR
REL	AR
RELA	AD
RELB	AR
RELN	AD/AR
RELT	AR
REN	AD
REPS1	AR
RERE	AD
REST	AD
RET	AD/AR
RETREG1	AR
RFC1	AR
RFC4	AR
RFT1	AR
RFWD3	AR
RFX5	AR
RFX6	AR
RFX7	AD
RFXANK	AR
RFXAP	AR
RGR	AD/AR
RGS9	AR
RGS9BP	AR
RHAG	AD/AR
RHBDF2	AD
RHO	AD/AR
RHOA	AD
RHOBTB2	AR
RHOH	AR
RIC1	AR
RILPL1	AD
RIMS1	AD
RIMS2	AR
RIN2	AR
RINT1	AR
RIPK1	AD/AR
RIPK4	AR
RIPOR2	AD/AR
RIPPLY2	AR
RIT1	AD
RLBP1	AR
RLIM	XL
RMND1	AR
RMRP	AR
RNASEH1	AR
RNASEH2A	AR
RNASEH2B	AR
RNASEH2C	AR
RNASEL	AD
RNASET2	AR
RNF113A	XL
RNF125	AD
RNF13	AD
RNF135	AD
RNF139	AD
RNF168	AR
RNF170	AD/AR
RNF2	AD
RNF212	AR
RNF213	AD/AR
RNF216	AR
RNF220	AR
RNF31	AR
RNF43	AD
RNH1	AR
RNPC3	AR
RNU12	AR
RNU4-2	AD
RNU4ATAC	AR
ROBO1	AD/AR
ROBO2	AD
ROBO3	AR
ROBO4	AD
ROGDI	AR
ROR1	AR
ROR2	AR
RORA	AD
RORB	AD
RORC	AR
RP1	AD/AR
RP1L1	AD/AR
RP2	XL
RP9	AD
RPA1	AD
RPE65	AR
RPGR	XL
RPGRIP1	AR
RPGRIP1L	AR
RPIA	AR
RPL10	XL
RPL10L	AR
RPL11	AD
RPL13	AD
RPL15	AD
RPL18	AD
RPL21	AD
RPL26	AD
RPL27	AD
RPL35	AD
RPL35A	AD
RPL3L	AR
RPL5	AD
RPS10	AD
RPS15A	AD
RPS17	AD
RPS19	AD
RPS23	AD
RPS24	AD
RPS26	AD
RPS27	AD
RPS28	AD
RPS29	AD
RPS6KA3	XL
RPS7	AD
RPSA	AD
RRAGC	AD
RRAS2	AD
RRM1	AR
RRM2B	AR
RRP7A	AR
RS1	XL
RSPH1	AR
RSPH3	AR
RSPH4A	AR
RSPH9	AR
RSPO1	AR
RSPO2	AR
RSPO4	AR
RSPRY1	AR
RSRC1	AR
RTEL1	AD/AR
RTN2	AD/AR
RTN4IP1	AR
RTTN	AR
RUBCN	AR
RUNX1	AD
RUNX2	AD
RUSC2	AR
RXFP2	AD
RXYLT1	AR
RYR1	AD/AR
RYR2	AD
RYR3	AR
S1PR2	AR
SACS	AR
SAG	AD/AR
SALL1	AD
SALL2	AR
SALL4	AD
SAMD12	AD
SAMD7	AR
SAMD9	AD/AR
SAMD9L	AD
SAMHD1	AR
SAR1B	AR
SARS1	AR
SARS2	AR
SART3	AD
SASH1	AR
SASH3	XL
SASS6	AR
SATB1	AD
SATB2	AD
SBDS	AD/AR
SBF1	AR
SBF2	AR
SC5D	AR
SCAF4	AD
SCAPER	AR
SCARB2	AR
SCARF2	AR
SCD5	AD
SCN10A	AD
SCN11A	AD
SCN1A	AD
SCN1B	AD
SCN2A	AD
SCN2B	AD
SCN3A	AD
SCN3B	AD
SCN4A	AD/AR
SCN4B	AD
SCN5A	AD/AR
SCN8A	AD
SCN9A	AD/AR
SCNM1	AR
SCNN1A	AD/AR
SCNN1B	AD/AR
SCNN1G	AD/AR
SCO1	AR
SCO2	AD/AR
SCP2	AR
SCUBE3	AR
SCYL1	AR
SCYL2	AR
SDCCAG8	AR
SDHA	AD/AR
SDHAF1	AR
SDHAF2	AD
SDHB	AD/AR
SDHC	AD
SDHD	AD/AR
SDR9C7	AR
SEC23A	AD/AR
SEC23B	AD/AR
SEC24D	AR
SEC31A	AR
SEC61A1	AD
SEC63	AD
SECISBP2	AR
SEL1L	AR
SELENBP1	AR
SELENOI	AR
SELENON	AR
SEMA3A	AD
SEMA3E	AD
SEMA4A	AR
SEMA6B	AD
SEMA7A	AR
SEPSECS	AR
SEPTIN12	AD
SEPTIN9	AD
SERAC1	AR
SERPINA1	AR
SERPINA6	AD/AR
SERPINA7	XL
SERPINB6	AR
SERPINB7	AR
SERPINB8	AR
SERPINC1	AD/AR
SERPIND1	AD
SERPINE1	AR
SERPINF1	AR
SERPINF2	AD/AR
SERPING1	AD/AR
SERPINH1	AR
SERPINI1	AD
SET	AD
SETBP1	AD
SETD1A	AD
SETD1B	AD
SETD2	AD
SETD5	AD
SETX	AD/AR
SF3B2	AD
SF3B4	AD
SFRP4	AR
SFTPA1	AD/AR
SFTPA2	AD
SFTPB	AR
SFTPC	AD
SFXN4	AR
SGCA	AR
SGCB	AR
SGCD	AR
SGCE	AD
SGCG	AR
SGMS2	AD
SGO1	AD
SGPL1	AR
SGSH	AR
SH2D1A	XL
SH3BP2	AD
SH3KBP1	XL
SH3PXD2B	AR
SH3TC2	AR
SHANK2	AD
SHANK3	AD
SHARPIN	AR
SHH	AD
SHMT2	AR
SHOC1	AR
SHOC2	AD
SHOX	XL
SHPK	AR
SHQ1	AR
SHROOM4	XL
SI	AR
SIAH1	AD
SIGMAR1	AR
SIK1	AD
SIK3	AR
SIL1	AR
SIN3A	AD
SIPA1L3	AR
SIX1	AD
SIX3	AD
SIX5	AD
SIX6	AD
SKI	AD
SKIV2L	AR
SLC10A2	AD
SLC10A7	AR
SLC11A2	AR
SLC12A1	AR
SLC12A2	AD/AR
SLC12A3	AR
SLC12A5	AR
SLC12A6	AD/AR
SLC13A3	AR
SLC13A5	AR
SLC16A1	AD/AR
SLC16A12	AD
SLC16A2	XL
SLC17A5	AR
SLC17A8	AD
SLC17A9	AD
SLC18A2	AR
SLC18A3	AR
SLC19A1	AR
SLC19A2	AR
SLC19A3	AR
SLC1A1	AR
SLC1A2	AD
SLC1A3	AD
SLC1A4	AR
SLC20A2	AD
SLC22A12	AR
SLC22A5	AR
SLC24A1	AR
SLC24A4	AR
SLC24A5	AR
SLC25A1	AR
SLC25A10	AR
SLC25A11	AD
SLC25A12	AR
SLC25A13	AR
SLC25A15	AR
SLC25A19	AR
SLC25A20	AR
SLC25A21	AR
SLC25A22	AR
SLC25A24	AD
SLC25A26	AR
SLC25A3	AR
SLC25A32	AR
SLC25A36	AR
SLC25A38	AR
SLC25A4	AD/AR
SLC25A42	AR
SLC25A46	AR
SLC26A1	AR
SLC26A2	AR
SLC26A3	AR
SLC26A4	AR
SLC26A5	AR
SLC26A8	AD
SLC27A4	AR
SLC28A1	AR
SLC29A3	AR
SLC2A1	AD/AR
SLC2A10	AR
SLC2A2	AR
SLC2A9	AD/AR
SLC30A10	AR
SLC30A2	AD
SLC30A7	AR
SLC30A9	AR
SLC31A1	AR
SLC32A1	AD
SLC33A1	AR
SLC34A1	AR
SLC34A2	AR
SLC34A3	AR
SLC35A1	AR
SLC35A2	XL
SLC35A3	AR
SLC35B2	AR
SLC35C1	AR
SLC35D1	AR
SLC36A2	AD/AR
SLC37A4	AR
SLC38A3	AR
SLC38A8	AR
SLC39A13	AR
SLC39A14	AD/AR
SLC39A4	AR
SLC39A5	AD
SLC39A7	AR
SLC39A8	AR
SLC3A1	AD/AR
SLC40A1	AD
SLC41A1	AR
SLC44A1	AR
SLC44A4	AD
SLC45A1	AR
SLC45A2	AD/AR
SLC46A1	AR
SLC4A1	AD/AR
SLC4A10	AR
SLC4A11	AD
SLC4A2	AR
SLC4A3	AD
SLC4A4	AD/AR
SLC51A	AR
SLC51B	AR
SLC52A1	AD
SLC52A2	AR
SLC52A3	AR
SLC5A1	AR
SLC5A2	AD/AR
SLC5A5	AR
SLC5A6	AR
SLC5A7	AR
SLC6A1	AD
SLC6A17	AR
SLC6A19	AR
SLC6A2	AD
SLC6A20	AD
SLC6A3	AR
SLC6A5	AR
SLC6A6	AR
SLC6A8	XL
SLC6A9	AR
SLC7A14	AR
SLC7A6OS	AR
SLC7A7	AR
SLC7A9	AD/AR
SLC9A1	AR
SLC9A3	AR
SLC9A3R1	AD
SLC9A6	XL
SLC9A7	XL
SLC9A9	AD
SLCO1B1	AD
SLCO2A1	AD/AR
SLF2	AR
SLFN14	AR
SLITRK1	AD
SLITRK2	XL
SLITRK6	AR
SLURP1	AD/AR
SLX4	AR
SMAD2	AD
SMAD3	AD
SMAD4	AD
SMAD6	AD
SMAD9	AD
SMARCA2	AD
SMARCA4	AD
SMARCAD1	AD
SMARCAL1	AR
SMARCB1	AD
SMARCC1	AD
SMARCC2	AD
SMARCD1	AD
SMARCD2	AR
SMARCE1	AD
SMC1A	XL
SMC3	AD
SMC5	AR
SMCHD1	AD
SMG8	AR
SMG9	AR
SMN1	AR
SMN2	AD
SMO	AR
SMOC1	AR
SMOC2	AR
SMPD1	AR
SMPD4	AR
SMPX	XL
SMS	XL
SNAI2	AR
SNAP25	AD
SNAP29	AR
SNAPC4	AR
SNCA	AD
SNCAIP	AD
SNCB	AD
SNF8	AR
SNIP1	AR
SNORA31	AD
SNORD118	AR
SNRNP200	AD
SNRPB	AD
SNRPE	AD
SNTA1	AD
SNUPN	AR
SNX10	AR
SNX14	AR
SOBP	AR
SOCS1	AD
SOD1	AD/AR
SOHLH1	AR
SON	AD
SORD	AR
SOS1	AD
SOS2	AD
SOST	AD/AR
SOX10	AD
SOX11	AD
SOX17	AD
SOX18	AD/AR
SOX2	AD
SOX3	XL
SOX4	AD
SOX5	AD
SOX6	AD
SOX9	AD
SP110	AR
SP6	AD
SP7	AR
SPACA1	AR
SPAG1	AR
SPAG17	AR
SPARC	AD/AR
SPART	AR
SPAST	AD
SPATA16	AR
SPATA22	AR
SPATA5	AR
SPATA5L1	AR
SPATA7	AR
SPECC1L	AD
SPEF2	AR
SPEG	AR
SPEN	AD
SPG11	AR
SPG21	AR
SPG7	AR
SPI1	AD
SPIDR	AR
SPIN4	XL
SPINK1	AD/AR
SPINK2	AR
SPINK5	AR
SPINT2	AD
SPNS2	AR
SPOP	AD
SPPL2A	AR
SPR	AR
SPRED1	AD
SPRED2	AR
SPRY2	AD
SPRY4	AD
SPTA1	AD/AR
SPTAN1	AD
SPTB	AD/AR
SPTBN1	AD
SPTBN2	AD/AR
SPTBN4	AR
SPTLC1	AD
SPTLC2	AD
SPTSSA	AD/AR
SPZ1	AR
SQOR	AR
SQSTM1	AD
SRC	AD
SRCAP	AD
SRD5A2	AR
SRD5A3	AR
SREBF1	AD
SRP54	AD
SRP68	AR
SRP72	AD
SRPK3	XL
SRPX2	XL
SRRM2	AD
SRSF1	AD
SRY	YL
SSBP1	AD
SSR4	XL
SSTR5	AD
SSX1	XL
ST14	AR
ST3GAL3	AR
ST3GAL5	AR
STAC3	AR
STAG1	AD
STAG2	XL
STAG3	AR
STAMBP	AR
STAR	AR
STARD7	AD
STAT1	AD/AR
STAT2	AR
STAT3	AD
STAT4	AD
STAT5B	AD/AR
STAT6	AD
STEAP3	AD
STEEP1	XL
STIL	AR
STIM1	AD/AR
STING1	AD
STK11	AD
STK33	AR
STK36	AR
STK4	AR
STN1	AR
STRA6	AR
STRADA	AR
STRC	AR
STRTS	AD
STS	XL
STT3A	AD/AR
STT3B	AR
STUB1	AD/AR
STX11	AR
STX16	AD
STX1B	AD
STX4	AR
STX5	AR
STXBP1	AD
STXBP2	AR
SUCLA2	AR
SUCLG1	AR
SUFU	AD
SUGCT	AR
SULT2B1	AR
SUMF1	AR
SUMO1	AD
SUN5	AR
SUOX	AR
SUPT16H	AD
SURF1	AR
SUZ12	AD
SV2A	AR
SVBP	AR
SVIL	AR
SYCE1	AR
SYCP2	AD
SYCP2L	AR
SYCP3	AD
SYK	AD
SYN1	XL
SYNE1	AD
SYNE2	AD
SYNE4	AR
SYNGAP1	AD
SYNJ1	AR
SYP	XL
SYT1	AD
SYT14	AR
SYT2	AD/AR
SZT2	AR
TAB2	AD
TAC3	AR
TACO1	AR
TACR3	AR
TACSTD2	AR
TAF1	XL
TAF13	AR
TAF2	AR
TAF4	AD
TAF4B	AR
TAF6	AR
TAF8	AR
TAFAZZIN	XL
TALDO1	AR
TAMM41	AR
TANC2	AD
TANGO2	AR
TAOK1	AD
TAP1	AR
TAP2	AR
TAPBP	AR
TARDBP	AD
TARS1	AR
TARS2	AR
TAS2R16	AD
TAS2R38	AD
TASP1	AR
TAT	AR
TBC1D20	AR
TBC1D23	AR
TBC1D24	AD/AR
TBC1D2B	AR
TBC1D4	AR
TBC1D7	AR
TBC1D8B	XL
TBCD	AR
TBCE	AR
TBCK	AR
TBK1	AD/AR
TBL1X	XL
TBL1XR1	AD
TBL1Y	YL
TBP	AD/AR
TBR1	AD
TBX1	AD
TBX15	AR
TBX18	AD
TBX19	AR
TBX2	AD
TBX20	AD
TBX21	AR
TBX22	XL
TBX3	AD
TBX4	AD
TBX5	AD
TBX6	AD/AR
TBXA2R	AD
TBXAS1	AR
TBXT	AD
TCAP	AD/AR
TCEAL1	XL
TCF12	AD
TCF20	AD
TCF3	AD/AR
TCF4	AD
TCHH	AR
TCIRG1	AR
TCN2	AR
TCOF1	AD
TCP1	AD
TCTN1	AR
TCTN2	AR
TCTN3	AR
TDGF1	AD
TDO2	AD
TDP1	AR
TDP2	AR
TDRD7	AR
TDRD9	AR
TEAD1	AD
TECPR2	AR
TECR	AR
TECRL	AR
TECTA	AD/AR
TEFM	AR
TEK	AD
TEKT3	AR
TELO2	AR
TENM1	AR
TENM3	AR
TENM4	AD
TENT5A	AR
TERB1	AR
TERB2	AR
TERC	AD
TERT	AD/AR
TET2	AR
TET3	AD/AR
TEX11	XL
TEX14	AR
TEX15	AR
TF	AR
TFAM	AR
TFAP2A	AD
TFAP2B	AD
TFE3	XL
TFG	AR
TFR2	AR
TFRC	AR
TG	AR
TGDS	AR
TGFB1	AD/AR
TGFB2	AD
TGFB3	AD
TGFBI	AD
TGFBR1	AD
TGFBR2	AD
TGIF1	AD
TGM1	AR
TGM3	AR
TGM5	AR
TGM6	AD
TH	AR
THAP1	AD
THAP11	AD
THBD	AD
THG1L	AR
THOC1	AD
THOC2	XL
THOC6	AR
THPO	AD/AR
THRA	AD
THRB	AD/AR
THSD1	AD/AR
THSD4	AD
THUMPD1	AR
TIA1	AD
TIAM1	AR
TICAM1	AD/AR
TIMELESS	AD
TIMM22	AR
TIMM50	AR
TIMM8A	XL
TIMMDC1	AR
TIMP3	AD
TINF2	AD
TJP2	AR
TK2	AR
TKFC	AR
TKT	AR
TLCD3B	AR
TLE6	AR
TLK2	AD
TLL1	AD
TLR3	AD/AR
TLR7	XL
TLR8	XL
TM4SF20	AD
TMC1	AR
TMC6	AR
TMC8	AR
TMCO1	AR
TMEM106B	AR
TMEM107	AR
TMEM126A	AR
TMEM126B	AR
TMEM127	AD
TMEM132E	AR
TMEM138	AR
TMEM147	AR
TMEM151A	AD
TMEM163	AD
TMEM165	AR
TMEM199	AR
TMEM216	AR
TMEM218	AR
TMEM222	AR
TMEM231	AR
TMEM237	AR
TMEM240	AD
TMEM251	AR
TMEM260	AR
TMEM38B	AR
TMEM43	AD
TMEM53	AR
TMEM63A	AD
TMEM63C	AR
TMEM67	AR
TMEM70	AR
TMEM94	AR
TMEM98	AD
TMIE	AR
TMLHE	AD
TMPO	AD
TMPRSS15	AR
TMPRSS3	AR
TMPRSS6	AR
TMTC3	AR
TMTC4	AR
TMX2	AR
TNC	AD
TNFAIP3	AD
TNFRSF10B	AD
TNFRSF11A	AD/AR
TNFRSF11B	AR
TNFRSF13B	AD/AR
TNFRSF13C	AR
TNFRSF1A	AD
TNFRSF4	AR
TNFRSF9	AR
TNFSF11	AR
TNIK	AR
TNNC1	AD
TNNC2	AD
TNNI2	AD
TNNI3	AD/AR
TNNI3K	AD
TNNT1	AD/AR
TNNT2	AD
TNNT3	AD
TNPO2	AD
TNPO3	AD
TNRC6A	AD
TNRC6B	AD
TNXB	AD/AR
TOE1	AR
TOGARAM1	AR
TOM1	AD
TOMM7	AR
TONSL	AR
TOP2B	AD
TOP3A	AR
TOPORS	AD
TOR1A	AD/AR
TOR1AIP1	AR
TOR1AIP2	AR
TP53	AD
TP53RK	AR
TP63	AD
TP73	AR
TPCN2	AD
TPH2	AD
TPI1	AR
TPK1	AR
TPM1	AD
TPM2	AD
TPM3	AD/AR
TPM4	AD
TPMT	AR
TPO	AR
TPP1	AR
TPP2	AR
TPR	AR
TPRKB	AR
TPRN	AR
TPSAB1	AD
TRAC	AR
TRAF3	AD
TRAF3IP1	AR
TRAF3IP2	AR
TRAF7	AD
TRAIP	AR
TRAK1	AR
TRAP1	AR
TRAPPC11	AR
TRAPPC12	AR
TRAPPC14	AR
TRAPPC2	XL
TRAPPC2L	AR
TRAPPC4	AR
TRAPPC6B	AR
TRAPPC9	AR
TRDN	AR
TREH	AR
TREM2	AR
TREX1	AD/AR
TRHR	AR
TRIM2	AR
TRIM32	AR
TRIM36	AR
TRIM37	AR
TRIM44	AD
TRIM71	AD
TRIM8	AD
TRIO	AD
TRIOBP	AR
TRIP11	AR
TRIP12	AD
TRIP13	AR
TRIP4	AR
TRIT1	AR
TRMT1	AR
TRMT10A	AR
TRMT10C	AR
TRMT5	AR
TRMU	AD/AR
TRNI	MT
TRNP	MT
TRNT	MT
TRNT1	AR
TRPA1	AD
TRPC3	AD
TRPC6	AD
TRPM1	AR
TRPM3	AD
TRPM4	AD
TRPM6	AR
TRPS1	AD
TRPV3	AD
TRPV4	AD
TRPV6	AR
TRRAP	AD
TRU-TCA1-1	AR
TSC1	AD
TSC2	AD
TSEN15	AR
TSEN2	AR
TSEN34	AR
TSEN54	AR
TSFM	AR
TSGA10	AR
TSHB	AR
TSHR	AD/AR
TSHZ1	AD
TSPAN12	AD/AR
TSPAN7	XL
TSPEAR	AR
TSPOAP1	AR
TSPYL1	AR
TSR2	XL
TTBK2	AD
TTC12	AR
TTC19	AR
TTC21A	AR
TTC21B	AR
TTC26	AR
TTC29	AR
TTC37	AR
TTC5	AR
TTC7A	AR
TTC8	AR
TTI1	AR
TTI2	AR
TTLL5	AR
TTN	AD/AR
TTPA	AR
TTR	AD
TUB	AR
TUBA1A	AD
TUBA3D	AD
TUBA4A	AD
TUBA8	AD/AR
TUBB	AD
TUBB1	AD
TUBB2A	AD
TUBB2B	AD
TUBB3	AD/AR
TUBB4A	AD
TUBB4B	AD
TUBB6	AD
TUBB8	AD/AR
TUBG1	AD
TUBGCP2	AR
TUBGCP4	AR
TUBGCP6	AR
TUFM	AR
TUFT1	AR
TULP1	AR
TULP3	AR
TUSC3	AR
TWIST1	AD
TWIST2	AD/AR
TWNK	AR
TXN2	AR
TXNDC15	AR
TXNL4A	AR
TXNRD2	AR
TYK2	AR
TYMP	AR
TYR	AR
TYROBP	AR
TYRP1	AR
U2AF2	AD
UBA1	XL
UBA2	AD
UBA5	AR
UBAP1	AD
UBAP2L	AD
UBE2A	XL
UBE2T	AR
UBE3A	AD
UBE3B	AR
UBE3C	AR
UBE4A	AR
UBIAD1	AD
UBQLN2	XL
UBR1	AR
UBR7	AR
UBTF	AD
UCHL1	AD
UFC1	AR
UFM1	AR
UFSP2	AD
UGDH	AR
UGP2	AR
UGT1A1	AD/AR
UMOD	AD
UMPS	AR
UNC119	AD
UNC13D	AR
UNC45A	AR
UNC45B	AD
UNC80	AR
UNC93B1	AR
UNG	AD
UPB1	AR
UPF3B	XL
UPK3A	AD
UQCC2	AR
UQCC3	AR
UQCRB	AR
UQCRC1	AD
UQCRC2	AR
UQCRFS1	AR
UQCRH	AR
UQCRQ	AR
UROC1	AR
UROD	AD/AR
UROS	AR
USB1	AR
USH1C	AR
USH1G	AR
USH2A	AR
USP18	AR
USP25	AD
USP26	XL
USP27X	XL
USP45	AR
USP48	AD
USP53	AR
USP7	AD
USP9X	XL
USP9Y	YL
UTP4	AR
UVSSA	AR
VAC14	AR
VAMP1	AR
VAMP2	AD
VANGL1	AD
VANGL2	AD
VAPB	AD
VARS1	AR
VARS2	AR
VAX1	AR
VCAN	AD
VCL	AD
VCP	AD
VDR	AD/AR
VEGFC	AD
VEZF1	AD
VHL	AD/AR
VIM	AD
VIPAS39	AR
VKORC1	AD/AR
VLDLR	AR
VMA21	XL
VPS11	AR
VPS13A	AR
VPS13B	AR
VPS13C	AR
VPS13D	AR
VPS16	AD/AR
VPS33A	AR
VPS33B	AR
VPS35	AD
VPS35L	AR
VPS37A	AR
VPS39	AD
VPS41	AR
VPS45	AR
VPS4A	AD
VPS50	AR
VPS51	AR
VPS53	AR
VRK1	AR
VSX1	AD
VSX2	AR
VWA1	AR
VWA3B	AR
VWA8	AD
VWF	AD
WAC	AD
WARS1	AD
WARS2	AR
WAS	XL
WASF1	AD
WASHC4	AR
WASHC5	AR
WBP11	AD
WBP2	AR
WBP4	AR
WDFY3	AD
WDPCP	AR
WDR11	AD
WDR19	AD/AR
WDR26	AD
WDR35	AR
WDR37	AD
WDR4	AR
WDR45	XL
WDR45B	AR
WDR62	AR
WDR72	AR
WDR73	AR
WDR81	AR
WDR83OS	AR
WEE2	AR
WFDC2	AR
WFS1	AR
WHRN	AR
WIPF1	AR
WIPI2	AR
WNK1	AD/AR
WNK3	XL
WNK4	AD
WNT1	AD/AR
WNT10A	AR
WNT10B	AD/AR
WNT2B	AR
WNT3	AR
WNT4	AD/AR
WNT5A	AD
WNT7A	AR
WRAP53	AR
WRN	AR
WT1	AD
WWOX	AR
XDH	AR
XIAP	XL
XIST	XL
XK	XL
XPA	AR
XPC	AR
XPNPEP2	XL
XPNPEP3	AR
XPR1	AD
XRCC1	AR
XRCC2	AR
XRCC4	AR
XYLT1	AR
XYLT2	AR
YAP1	AD
YARS1	AR
YARS2	AR
YEATS2	AD
YIF1B	AR
YIPF5	AR
YME1L1	AR
YWHAG	AD
YWHAZ	AD
YY1	AD
YY1AP1	AR
ZAP70	AR
ZBTB11	AR
ZBTB16	AR
ZBTB18	AD
ZBTB20	AD
ZBTB24	AR
ZBTB42	AR
ZBTB7A	AD
ZC3H14	AR
ZC4H2	XL
ZCCHC8	AD
ZDHHC15	XL
ZDHHC9	XL
ZEB1	AD
ZEB2	AD
ZFHX2	AD
ZFHX3	AD
ZFP36L2	AR
ZFP57	AD
ZFPM2	AD
ZFX	XL
ZFYVE19	AR
ZFYVE26	AR
ZFYVE27	AD
ZIC1	AD
ZIC2	AD
ZIC3	XL
ZIM2	AD
ZMIZ1	AD
ZMPSTE24	AD/AR
ZMYM2	AD
ZMYM3	XL
ZMYND10	AR
ZMYND11	AD
ZMYND15	AR
ZNF141	AR
ZNF142	AR
ZNF148	AD
ZNF292	AD
ZNF335	AR
ZNF341	AR
ZNF407	AR
ZNF408	AD/AR
ZNF41	XL
ZNF423	AD/AR
ZNF462	AD
ZNF469	AR
ZNF480	AD
ZNF513	AR
ZNF526	AR
ZNF565	AD
ZNF592	AR
ZNF644	AD
ZNF668	AR
ZNF674	XL
ZNF687	AD
ZNF699	AR
ZNF711	XL
ZNF750	AD
ZNF808	AR
ZNF81	XL
ZNF862	AD
ZNFX1	AR
ZNHIT3	AR
ZP1	AR
ZP2	AR
ZP3	AD
ZPBP	AR
ZPR1	AR
ZRSR2	XL
ZSCAN10	AR
ZSWIM6	AD
ZSWIM7	AR
